Date,Difficulty,Miners_Revenue,Hash_Rate,Total_transaction_fees,Total_Bitcoins,Class
2012-02-26,1376302.26788638,40310.4,10.3992862379324,4.78372398,8438300.0,3
2019-10-01,12759819404400.0,15347785.3282141,90704051.0117,48.26497357,17968237.5,2
2012-09-14,2694047.95295501,84551.634,21.6953397221204,16.00925068,9946350.0,2
2013-07-28,31256960.7278,411693.056710057,257.929462966,23.82217431,11477275.0,3
2017-11-11,1364422081125.0,8125360.76957,5426063.16330753,317.05792683,16675300.0,3
2016-03-25,165496835118.0,1523337.52,1192899.383,33.72267197,15356175.0,3
2021-02-12,21434395961349.0,53308083.0824142,151302363.56734022,202.39953165999995,18626925.0,3
2018-04-15,3839316899030.0,17099064.2208301,31109116.9538,24.30501194,16979400.0,2
2015-01-05,40640955016.5765,1089761.6,339405.835755784,12.85666757,13695100.0,1
2019-07-27,9013786945890.0,18834366.1429315,68107822.4786,33.04147241,17841637.5,3
2014-10-26,35985640265.1,1332240.5,266539.526175,12.80693278,13425225.0,3
2021-05-23,25046487590083.0,28944158.98421438,148163050.51400563,81.40676948000001,18716931.25,3
2013-10-09,189281249.281033,620012.72,1721.88761457957,29.73024401,11820025.0,2
2015-05-19,48807487244.7,818617.777220403,344525.135825,15.68797983,14178425.0,3
2020-10-13,19298087186263.0,12872175.626639746,159245977.48262888,74.07427083999998,18516393.75,3
2020-12-29,18599593048299.0,28221057.092363108,140537799.38571388,105.85291042999998,18584712.5,2
2016-05-28,199312067531.0,1698374.90534981,1317744.93011,52.34180926,15595100.0,2
2018-07-07,5363678461480.0,12914635.5,41594264.7942,16.56969368,17136962.5,2
2013-11-16,609482679.888,2334241.72723504,5847.4268319,14.2659898,12004200.0,3
2015-02-04,41272873894.697,801443.19,330321.39604091,12.51951528,13802700.0,3
2015-09-04,56957648455.0,983178.575379109,430369.76945,25.08295191,14574275.0,3
2018-11-01,7183013626020.0,12319622.9516,54999360.8518,17.45938887,17354600.0,2
2012-11-17,3368767.14053,94360.2,26.6265093372,25.4443562,10425500.0,3
2012-09-08,2694047.95295501,85465.8896,18.7490590191164,20.56845317,9894400.0,3
2021-05-21,25046487590083.0,31984319.396481585,136957441.6516018,131.01122920000003,18715318.75,3
2015-08-31,54256630327.9,923760.0,428840.763924,25.0420155,14559975.0,3
2016-05-22,194254820283.0,2084432.9315678,1776788.54673,43.20770201,15572925.0,2
2019-07-30,9013786945890.0,17750997.0400789,63627044.6839,60.22741784,17847175.0,2
2015-02-12,44455415962.3,700112.57856552,309384.699958,12.55298681,13832850.0,3
2014-11-11,39603666252.4,1312768.2932778,265775.705243,13.37416163,13492950.0,3
2017-08-04,860221984436.0,6553817.39554,7654374.1549891,113.47123621,16487187.5,1
2017-12-30,1873105475220.0,33640243.617,13687548.998,778.5711097,16772462.5,1
2020-08-29,17557993035167.0,11257775.012961268,127430634.91826336,65.85247621999999,18474456.25,3
2015-08-03,52278304845.5917,1035690.0,382018.988559187,34.06960048,14460300.0,2
2013-07-01,21335329.114,388930.47029171,166.511839174,24.12834059,11355125.0,3
2015-12-24,93448670796.3,1768771.21282915,692158.434651,36.33612595,14999975.0,2
2012-05-29,1591074.96184731,31117.76,10.756616088196,16.86572549,9112500.0,2
2020-07-02,15784217546288.0,9907317.70423729,128680584.459468,56.01403666,18421156.25,3
2019-08-29,10183488432900.0,20199158.8493224,83526952.7019,33.917443,17902500.0,3
2017-08-24,891643263405.0,7293876.044236,4459277.50765,385.99923422,16523925.0,3
2017-05-19,559970892890.0,4746879.57975,4565153.86753,442.811934,16339975.0,2
2019-02-18,6061518831030.0,7556019.10851886,46704558.9956,29.40410079,17545737.5,1
2013-01-21,3249549.58448721,56798.11,23.5842539588777,29.87214152,10689775.0,1
2017-01-23,392963262344.0,1683925.09571495,2715269.05187,109.01172711,16121362.5,3
2018-02-28,3007383866430.0,20144045.5125,23172168.7464,51.29908837,16890950.0,1
2013-05-17,11187257.4614,490901.81071408,81.7498729686,55.40377799,11165250.0,3
2019-02-28,6071846049921.0,7350871.43467,45274965.6436762,30.29594178,17563812.5,2
2021-04-11,23137439666472.0,58799840.659562446,166774412.8321436,62.98652347,18680143.75,2
2014-07-12,16818461371.1611,2434643.1,137948.291170128,9.32359299,13014750.0,3
2015-09-08,56957648455.01,851509.24,393561.828641381,28.37170322,14589825.0,3
2016-08-07,201893210853.0,1101643.4,1485352.56,66.98,15802450.0,3
2018-08-16,6389316883510.0,12659503.8533433,50183117.0745,24.04769454,17213900.0,3
2015-02-09,44455415962.3,1084298.90857245,331483.607098,14.88796877,13822200.0,3
2013-06-25,19339258.2724,407676.785224876,181.696991457,33.79573922,11332900.0,3
2019-04-18,6393023717200.0,10319254.175,47352040.9769,72.4195866,17652987.5,2
2018-07-27,5178671069072.0,16568111.75,42991333.5728441,20.72404572,17175200.0,2
2013-03-29,6695826.2826,381744.95805,55.2533207636,45.94568999,10964075.0,2
2017-11-17,1364422081125.0,18692415.9222,11326906.8534045,401.16643265,16685725.0,3
2018-08-12,6389316883510.0,12308443.9327,49230273.0794,12.77525693,17206137.5,2
2021-01-23,20737086011821.6,33751644.506897256,159781151.23197326,75.36109782999999,18608662.5,3
2019-10-11,13008091666972.0,17060812.1042,100875176.08461,27.83013723,17985425.0,3
2021-01-16,20607418304386.0,38126679.70239878,150586847.08139417,88.49193579,18602300.0,3
2015-03-25,46717549644.7,942153.22,346028.956402,14.07414031,13979375.0,3
2017-12-17,1590896927258.0,53191582.1375,14630524.3132847,535.43867532,16747275.0,3
2015-01-26,43971662056.0896,967817.14,277602.083462638,13.84178061,13768150.0,3
2020-04-27,15958652328578.0,13997087.9010893,111856556.335257,28.0798915,18348600.0,2
2018-12-09,5646403851535.0,5705487.75609,35927585.0108908,16.83358837,17415100.0,2
2020-12-22,18670168558400.0,23995220.12075107,132718173.16882376,133.02681427,18578356.25,2
2017-10-06,1123863285132.0,8954115.66833,8882939.96198973,149.02120217,16607750.0,2
2018-09-21,7152633351910.0,12165754.7145117,51200543.8779,25.61259462,17280775.0,2
2016-01-05,103880340815.0,1819807.57014198,841718.919438,32.27846687,15047875.0,2
2019-11-12,12720005267400.0,14989182.4021882,85362510.3569,28.65525709,18043525.0,2
2014-05-01,8000872135.96816,1906840.11,66817.8858733963,11.50948836,12720400.0,3
2012-08-20,2190865.9701,124904.256383806,19.7124453954,27.5570644,9751800.0,2
2015-03-06,46684376316.8603,975886.54,366669.483603951,13.57345998,13909325.0,2
2016-08-19,217375482757.0,1108626.82,1664092.25,80.79,15824450.0,2
2012-11-16,3368767.14053294,83508.6,23.6121875254214,27.92768269,10410450.0,2
2012-06-30,1726566.55919,45449.1543067431,11.8442763084,13.94161293,9347050.0,3
2020-12-30,18599593048299.0,33896444.42080255,159029615.0943604,105.14390344000002,18585818.75,1
2018-06-25,5077499034880.0,12092548.545,39627403.8327,34.68013653,17115625.0,2
2016-12-16,310153855703.0,1317539.32,2050571.62855749,97.57,16047112.5,2
2012-12-27,2979636.61694,65673.98492875,26.0688629742,36.93617681,10601625.0,3
2016-07-29,213492501107.0,1216861.96,1560077.15,72.26,15783687.5,3
2019-01-11,5618595848853.0,6853670.72486,41336683.3587873,24.25918558,17476812.5,2
2019-09-06,10771996663700.0,21464687.5948,84605659.659,37.39638382,17919100.0,3
2015-05-23,48807487244.6814,850507.02,291148.002105338,12.74716388,14196375.0,3
2020-02-17,15546745765529.0,19823862.1988,121334769.047237,25.29770103,18223137.5,3
2020-08-13,16947802333947.0,11879252.2971003,123844534.076575,109.0639238,18459962.5,2
2012-04-12,1577913.48568,31171.01056,9.88325160798,4.42240979,8766350.0,2
2016-09-08,220755908330.0,1134450.0,1580232.34446021,59.6,15861225.0,2
2012-06-10,1583177.84744401,42810.874,13.3790336035767,20.67463329,9204100.0,2
2015-02-02,41272873894.7,801295.88,276977.568109,13.44597638,13791450.0,3
2016-04-04,166851513283.0,1864182.28252061,1360254.329,45.08180774,15393525.0,2
2016-12-28,312083434211.183,2011489.19,2589949.6705277,104.35,16069712.5,2
2014-11-30,40300030327.8914,1369993.08,312518.75829435,14.00206215,13561650.0,2
2012-12-16,3370181.79927784,42950.636,19.2662542834417,32.24930878,10563850.0,3
2020-06-13,13732352106018.0,9622452.78417518,107856950.282588,21.0833426,18403800.0,2
2019-02-13,6061518831027.0,6976103.87653,46101919.5246807,35.63755618,17536587.5,3
2012-08-06,2036671.08869332,82468.8,14.2753291241801,20.92753532,9637800.0,3
2019-02-27,6071846049920.0,6801908.84662639,42558467.7051,32.66318415,17561587.5,2
2012-05-28,1591074.96185,37701.918392847,10.7566160882,19.49232691,9106500.0,2
2016-10-04,241227200229.0,1244767.25236389,1894652.12,71.03602966,15911050.0,3
2018-12-06,5646403851535.0,6422799.8146,37892374.8161739,28.47570217,17410487.5,3
2015-07-05,49402014931.2,1169750.23,417483.872021,29.305557,14353475.0,3
2014-11-04,39603666252.4,1372405.87,314993.428437,13.4448337,13467500.0,2
2017-05-28,595921917085.0,5262057.4296,4887867.46412,421.48503001,16357837.5,2
2020-07-01,15784217546288.0,10124055.9362646,127111309.039231,62.82571084,18420281.25,2
2017-06-12,678760110082.0,5779114.42341,4959978.16864,409.8643713,16387550.0,2
2018-07-10,5363678461480.0,12485753.0,39727855.4765,22.86071401,17142500.0,3
2012-12-26,2979636.61694,54688.2,23.8470848798,35.43010858,10597225.0,2
2018-08-22,6389316883510.0,13754538.29512,50818346.4046,24.27418043,17225337.5,3
2017-01-20,336899932795.0,2264569.90227644,3165256.04802,104.84963495,16115250.0,2
2017-12-12,1590896927260.0,41532449.5733,12337090.7723,537.94407913,16736187.5,3
2019-10-16,13008091667000.0,14633533.2162171,92468911.4109,29.13647841,17996087.5,3
2015-04-05,49446390688.2414,825228.0,371157.005411998,15.31261593,14024975.0,2
2017-06-25,711697198173.0,4568837.75041699,4316196.47313,258.68838592,16409687.5,3
2016-05-21,194254820283.0,1589937.02795,1361560.78853,56.82664163,15569575.0,3
2012-05-13,1733207.51385,40563.4083685,12.3206244358,11.80632246,9000050.0,3
2020-01-08,13798783827500.0,14890476.7245234,97403659.577,30.83081053,18149475.0,3
2020-06-09,13732352106018.0,10182263.0439178,109222228.134267,35.1746286,18399637.5,3
2019-03-26,6379265451410.0,6780907.83753621,42493410.7542,36.41495629,17611437.5,2
2020-04-01,13912524048946.0,12386579.1867395,105814084.220377,26.74327122,18299837.5,2
2015-02-16,44455415962.3438,949160.0,349162.732809701,15.13607471,13848050.0,2
2019-08-17,9985348008060.0,16818757.380567,63535915.7538,35.38250195,17882000.0,3
2013-03-30,6695826.2826,404294.008430645,52.2576587945,64.078643,10973850.0,3
2020-03-14,16552923967337.0,8986521.2261113,105324840.13761,52.86649863,18270550.0,3
2018-07-11,5363678461480.0,11007393.2006476,35995036.8411,20.44250057,17144187.5,2
2019-11-19,12720005267391.0,15599060.2594,92950289.0552504,34.36839889,18056975.0,3
2021-03-27,21865558044611.0,59212965.29536148,172823902.97398886,66.63131525,18666212.5,2
2014-04-15,6119726089.13,2905406.24490792,45327.7718586,16.49954518,12654575.0,2
2014-04-23,6978842649.59,1813512.4,50997.2620227,14.18530262,12681750.0,3
2013-08-15,50810339.0483,607911.605754553,434.436852499,63.29990312,11557325.0,3
2019-08-23,10183488432900.0,20303216.6174991,77452265.2327,41.47394501,17891450.0,2
2014-06-04,10455720138.5,2395764.64,75364.7167521,12.24567,12859650.0,3
2020-06-27,15784744305477.0,8059992.05896448,108283617.573483,23.40413949,18416550.0,3
2012-08-09,2036671.08869332,95642.0,16.0977115655648,45.85604941,9655050.0,2
2018-02-04,2603077300220.0,19061071.0683,23033142.054,111.31669812,16845987.5,3
2013-07-29,31256960.7277689,475057.70676,257.929462966303,37.36421201,11478400.0,1
2020-07-21,17345948872516.0,8215338.73446885,107783974.429318,102.28349837,18438718.75,2
2017-03-05,460769358090.00006,2524232.85,3367030.44708,216.69618574,16198900.0,2
2018-10-14,7454968648260.0,9054868.80625,42247089.1808,12.41784997,17322150.0,2
2017-05-27,595921917085.0,5121736.68364,4976737.78165219,528.8278222,16354337.5,3
2015-10-21,60883825480.1,983560.5,438849.950201,30.92973723,14747775.0,2
2015-08-20,52699842409.3,990706.284017562,406057.123219,25.77554216,14515675.0,2
2017-08-21,923233068448.0001,6995369.37030488,5277828.94781,297.96496476,16519562.5,3
2014-06-03,10455720138.4848,2957055.42,97714.2534441336,12.26613461,12851825.0,3
2020-01-12,13798783827516.0,15625350.6675,103577130.958646,14.53164303,18156700.0,2
2015-03-13,47427554950.6,955514.02,315923.296959,12.3819142,13940125.0,3
2020-09-14,17345997805929.0,12485219.771708764,151760264.11527425,75.47210429,18489606.25,2
2014-12-11,40007470271.3,1521941.03052705,282407.063083,11.96549856,13600850.0,3
2017-10-07,1123863285130.0,8787392.86667,8827072.41506,108.21556432,16608987.5,1
2014-10-28,35985640265.0762,1241173.89,268328.382055769,13.55763444,13438400.0,3
2013-05-26,12153411.7098,548644.813471673,103.913692158,31.5289397,11198625.0,2
2019-03-18,6068891541677.0,8269486.75644,48571483.8172485,22.37480548,17596362.5,2
2015-12-15,79102380900.2,2285879.63538638,758914.731799,39.9989931,14964475.0,2
2015-07-27,52278304845.6,1306713.90985256,369025.145411,31.33315906,14434375.0,3
2020-11-22,17596801059571.0,20906345.739519313,152205060.20049945,32.024584610000005,18551337.5,3
2012-08-03,2036671.08869332,85021.2,17.5151201310862,24.23379789,9608500.0,1
2013-03-14,4847647.15207,203742.2156,40.9662339897,62.68231527,10896450.0,3
2017-07-18,804525194568.0,5135590.60037,6598872.11706,224.51846967,16453962.5,3
2016-03-28,165496835118.0,1519272.32,1168218.70611,42.52494951,15367225.0,3
2017-07-03,708659466230.0,5975338.92486,5988701.03412,283.21012118,16426300.0,2
2021-06-25,19932791027263.0,24364896.164727684,108995085.80799364,44.14298414,18742675.0,3
2013-01-27,2968775.33207507,69039.9,22.4319505785413,42.66449033,10711550.0,1
2013-05-29,12153411.7098,568010.48119275,102.101244039,52.15347597,11218200.0,2
2020-01-21,14776367535689.0,16708344.2414,112384193.794878,20.51905021,18173850.0,2
2017-07-26,804525194568.0,4829127.82765,5878995.15883341,167.53481996,16470575.0,2
2020-04-22,15958652328578.0,11597010.0622321,103923467.233466,25.3733028,18339812.5,2
2020-10-09,19298087186263.0,10965183.362031737,136222462.66586328,110.78393285999996,18512656.25,2
2019-09-29,12759819404409.0,14292283.4734,86263992.570523,21.00156166,17963312.5,3
2013-05-05,10076292.8834,470673.008996268,81.6459234846,36.56506628,11121050.0,3
2015-10-01,60813224039.4,1034425.38573053,377880.220506,28.82708269,14678775.0,2
2015-08-28,54256630327.9,877903.33,401869.646696,24.08727019,14548275.0,3
2020-07-03,15784217546288.0,9873738.20676215,127895946.749349,53.7862554100001,18422256.25,3
2012-08-29,2440642.60692,113713.559348395,19.1693503254,24.15507933,9821800.0,2
2012-10-17,3072321.73202076,92905.12464,21.5343577779689,18.16174438,10193900.0,3
2012-09-03,2440642.60692,68115.562,15.5296002636,30.59917481,9860150.0,3
2015-10-07,60813224039.4,971432.158899048,414156.721675,24.96770404,14700575.0,3
2018-06-27,5077499034879.0,9288788.415,30540865.3742303,32.15886049,17117637.5,2
2017-03-22,475705205061.0,2248010.7,3807236.87525589,269.31219918,16231050.0,3
2012-04-02,1626553.48132894,32084.04,10.2687643397321,4.62668219,8708250.0,2
2014-11-12,39603666252.4184,1490042.4,265775.705243494,15.77819904,13496600.0,1
2021-01-21,20607418304386.0,30287474.72314571,132147641.31632549,120.18381958999998,18606693.75,3
2020-04-19,14715214060657.0,13731416.2140145,111187583.309172,15.56965781,18334525.0,3
2014-02-21,3129573174.52229,2483565.76,26136.0836236347,12.56877924,12425750.0,1
2016-02-24,163491654909.0,1319648.9,999647.352469,44.91575935,15246525.0,3
2015-11-25,72722780642.5472,1259375.0,556720.631229444,25.58035035,14882575.0,1
2019-05-04,6554050172250.0,10035261.3673471,43006075.3622,60.62915441,17681537.5,2
2012-04-01,1626553.48133,39046.6729283514,10.2687643397,3.8187765,8695900.0,3
2014-08-25,23844670038.8,2028245.65472511,196763.946159,16.45338417,13190275.0,3
2012-05-06,1508589.67206,43610.632,12.8237002903,10.57768272,8955700.0,2
2017-04-15,520808749422.0,2416965.0,3909321.04724491,202.57239533,16275762.5,2
2020-03-25,16552923967337.0,8111093.56505244,75702228.8489074,45.40177404,18286475.0,3
2019-05-22,6704632680590.0,18104557.6470407,55659279.4194,176.73831345,17714675.0,3
2015-05-07,47643398017.8,879719.261384585,350518.191907,15.99528963,14138850.0,3
2015-09-02,54256630327.89,898267.92,415355.205310361,44.13311414,14567625.0,3
2018-02-13,2874674234420.0,17728596.585,23435736.3316,68.57325292,16863325.0,1
2019-04-21,6357721118110.0,11248346.3029,51199133.0238,50.31279868,17658400.0,3
2020-07-30,16847561611550.0,11301864.6984554,113062072.092113,179.95866069,18446831.25,2
2018-01-31,2603077300218.0,15840583.36,15139761.9118908,162.20623626,16837687.5,3
2018-05-06,4022059196160.0,16838802.1726855,27391457.6537,31.28195837,17018087.5,2
2016-07-26,213492501107.0,1058492.0,1369047.3,70.79,15780037.5,3
2016-06-02,199312067531.0,1894573.92114,1367284.2132,58.53519721,15613450.0,1
2017-09-28,1103400932960.0,9528010.17087,9708513.34604,134.45160224,16592375.0,3
2017-09-10,922724699725.0001,7845878.46,6329907.31918,143.23841995,16557100.0,3
2019-06-01,7459680720542.0,17500366.3832,55994233.735333,159.42190914,17735787.5,2
2012-11-24,3368767.14053,114047.403537525,23.6121875254,21.75792328,10477050.0,3
2020-12-11,19157154724710.0,16978667.126258247,131418411.08485769,70.49629971999997,18568456.25,3
2020-05-14,16104807485529.0,8245134.85128987,91265472.7580373,145.59263376,18377443.75,1
2012-04-30,1508589.67206,44780.0,13.4236394852,6.49137637,8907000.0,2
2018-10-27,7182852313940.0,11140721.6138833,48560367.4321,13.09651959,17344237.5,3
2016-06-27,209453158595.0,2391834.81733159,1530560.02,61.78464957,15706025.0,2
2017-06-16,678760110082.0,5412747.31911236,4993719.51673,375.35139576,16395025.0,2
2017-10-16,1196792694100.0,13050105.4053,10351762.4275,193.41946089,16627737.5,3
2016-08-23,217375482757.0,1216079.79066823,1588451.69,67.65790776,15832237.5,3
2017-01-01,317688400354.0,1961202.6,2463610.66,65.07,16077050.0,2
2020-11-18,17596801059571.0,21194109.321156435,147831351.5740483,97.63868616000006,18547387.5,2
2016-02-22,163491654909.0,1478179.5581374,1056537.8522,45.80619995,15239350.0,3
2018-06-12,4940704885521.0,11844835.5208,35612546.9428532,21.90653344,17089950.0,3
2018-07-05,5363678461480.0,11406742.2965554,36528296.6462,19.76600519,17133012.5,3
2021-06-20,19932791027263.0,23743052.0992393,104040763.72581212,22.721419750000003,18739381.25,2
2017-08-22,923233068448.0,5749751.91502,4084580.66395509,334.18474511,16520475.0,2
2019-07-05,7934713219630.0,27132379.4819,74548542.6469,75.89684282,17800725.0,3
2013-05-11,10076292.8834,558237.023049608,89.1593520261,61.69773114,11142850.0,2
2015-02-05,41272873894.7,966981.42,359044.995697,11.45022497,13803125.0,2
2016-06-14,196061423939.0,2277298.22,1296253.41,69.86,15658175.0,2
2021-05-20,25046487590083.0,33135536.43756745,139447576.95435822,132.47635443,18714756.25,1
2018-11-27,6653303141406.0,6283605.98769,43326611.594391,37.38312649,17397000.0,1
2021-05-31,21047730572452.0,33914623.681255355,147526659.02062267,45.48679202,18723031.25,2
2021-02-27,21724134900047.0,51148405.64582984,169546278.72623003,104.30956316000002,18640543.75,3
2015-10-11,60813224039.4403,868877.49,453456.264607148,23.74975114,14714875.0,2
2019-07-12,9064159826490.0,24773188.3315347,73895419.9463,67.42668665,17814062.5,2
2014-08-27,23844670038.8,2310083.65,214543.820811,10.66182195,13198825.0,2
2019-11-09,12720005267400.0,16111246.6162539,91053344.3807,29.44260954,18038200.0,2
2015-06-18,49692386354.9,1133271.14912139,397705.729803,27.33272035,14291525.0,2
2013-09-20,112628548.666,743042.813049032,1046.97476265,27.00884796,11726400.0,3
2013-04-13,7672999.92016,375375.0,62.1725838686,50.74181733,11033475.0,2
2018-05-22,4143878474754.0,15129407.25,31104990.7601584,26.52413321,17049000.0,3
2016-02-25,163491654909.0,1682349.25056426,1178446.06592,45.89148285,15250450.0,2
2012-12-15,3370181.79928,43350.7608756963,19.2662542834,24.34047049,10560700.0,2
2014-02-27,3129573174.52229,2725128.55,28314.0905922709,15.28626504,12450325.0,3
2015-01-27,41272873894.7,987528.5,324166.338972,12.2880246,13766975.0,3
2019-09-22,11890594958800.0,21169975.568586,98120057.1221,20.52728871,17951737.5,2
2016-09-09,220755908330.0,1120494.37,1569258.5,64.1,15863100.0,2
2016-06-08,196422606560.0,2112419.15447,1403462.33971,50.40981971,15635575.0,3
2017-04-28,521974519553.0,2501502.23129,3528859.19852,249.68419536,16298900.0,2
2018-12-26,5106422924660.0,7478293.74229318,39853140.6872,16.22660938,17445612.5,2
2018-03-22,3462542391190.0,15970290.9102052,24613719.9694,27.7247885,16934200.0,2
2017-09-30,1103400932964.0,7690943.39377,7569349.3884371,101.44145793,16596737.5,2
2013-06-23,19339258.2723867,368313.32832,169.1993147957,37.82404209,11321800.0,3
2019-04-19,6393023717200.0,10531918.6568264,48305437.7751,78.43301725,17653825.0,2
2018-05-24,4219142059010.0,13875883.1127304,30616246.3183,29.75362781,17051300.0,2
2013-08-10,37392766.1364746,559024.60383,369.902092881525,33.93550069,11534425.0,2
2018-03-12,3290605988760.0,18489655.0517,26335882.6623,33.46783473,16915712.5,3
2015-03-29,46717549644.7,1110135.86666338,329772.562477,12.76426269,13999400.0,3
2013-03-27,6695826.2826,278619.258007097,59.5803880523,60.03141889,10961225.0,3
2013-12-07,707408283.051,4611581.737448,6294.61671148,37.49123851,12095325.0,3
2014-05-10,8000872135.96816,1809165.0,70397.4154737568,9.32474235,12756275.0,3
2021-03-03,21724134900047.0,55147754.83271214,164146715.7094711,132.69783596999994,18644056.25,2
2020-04-24,15958652328578.0,14000287.8021753,114236483.065795,37.06157042,18343762.5,2
2013-03-05,4367876.00084,195225.0,35.1747835811,60.59100527,10864225.0,3
2017-11-27,1347001430560.0,22128557.8289,11383166.7318,236.5030831,16705437.5,2
2018-10-03,7152633351910.0,12003041.5148518,51556103.2103,21.36448501,17303437.5,2
2021-04-08,23137439666472.0,53025106.53857864,154122560.82418784,91.57954065000001,18677181.25,2
2016-10-01,241227200229.0,1254664.0524631,1882660.65,58.7351644,15905500.0,3
2017-03-11,460769358090.00006,2359087.2,3412840.38513,217.66771727,16209975.0,2
2018-10-11,7454968648260.0,12534246.1296,58923571.7521,18.4172056,17316637.5,2
2013-07-03,21335329.114,340825.8,180.299443692,21.101607,11366250.0,3
2013-09-06,86933017.7711944,492855.3,821.078113093457,27.40258306,11658475.0,3
2020-08-06,16847561611550.0,13771270.4382111,130649505.528664,196.22049311,18453393.75,2
2014-08-17,19729645940.5771,2053013.15,161826.393201531,10.68090312,13150700.0,3
2019-10-30,13691480038700.0,15935289.7345,91201360.0232,33.65141019,18021037.5,3
2016-11-25,281800917193.0,1450482.78,2129276.73548223,138.07,16007350.0,3
2018-02-15,2874674234415.0,16527155.601,18720008.8990056,64.08005499,16867187.5,1
2019-11-20,12720005267400.0,14807093.0674,89788714.5976,27.36373955,18057250.0,3
2017-09-29,1103400932960.0,9243216.05366442,9269710.48294,115.33216245,16595012.5,3
2019-04-10,6393023717200.0,10332304.7364178,47034242.0441,111.78539463,17637262.5,2
2012-07-17,1866391.305,71197.34925,14.0096010659,25.25477096,9484400.0,3
2014-06-01,10455720138.5,2832232.65,93036.4434388,10.91517676,12840025.0,1
2014-07-23,17336316978.5,2487264.2702008,128407.155717,11.00879636,13057425.0,2
2014-12-09,40007470271.2713,1443188.64,276440.716679416,12.66263071,13589175.0,3
2016-06-01,199312067531.0,1972575.77046,1426731.35290631,56.18497783,15610000.0,2
2015-04-16,49446390688.2,927077.299737437,329371.117385,14.03218749,14063225.0,2
2017-03-28,475705205061.0,2192722.65,3665352.27120909,233.22176362,16242425.0,3
2017-04-29,521974519553.0,3282240.04874294,4488916.48047,256.37648122,16301475.0,3
2013-08-07,37392766.1364746,519588.1,327.149589684163,49.6207779,11523975.0,3
2017-04-10,499635929816.0,2406320.7,3675881.4446,198.63497273,16265562.5,2
2019-12-17,12876842089700.0,12121833.9541,90255692.2081,22.92717755,18106962.5,3
2014-09-29,34661425924.0,1458738.04,261900.381921,12.33293377,13331000.0,2
2018-09-03,6727225469720.0,13221829.9042709,48155355.6421,19.91598267,17248187.5,2
2016-10-21,258522748404.0,1302488.0,2107602.62,76.08,15941700.0,2
2016-10-25,253618246641.0,1198651.51325496,1752432.96,99.0913517100001,15948887.5,3
2018-07-03,5363678461481.0,9617154.0,30929068.6931155,27.90259772,17128700.0,3
2013-07-06,21335329.114,332859.864,198.329388061,17.31315056,11377475.0,1
2015-10-19,60883825480.1,1395310.92602596,502407.529196,28.30097624,14740975.0,3
2013-09-12,86933017.7711944,676858.04,898.864460649679,26.42562521,11694575.0,3
2020-09-28,19314656404097.0,9531618.970526235,123857644.31701957,56.72923702999997,18502556.25,3
2013-07-08,21335329.113983,386219.2246,197.268803098095,35.161138,11388600.0,2
2018-08-03,5949437371610.0,15674653.75,49094190.5573,23.21487948,17188512.5,3
2012-07-01,1726566.55919348,54425.25,11.8442763083594,13.30033059,9361550.0,2
2015-11-17,65848255179.7,1360933.45,527006.857659,26.60929107,14851150.0,3
2019-02-19,6061518831027.0,7748245.93828,47005878.731047,36.59295015,17547650.0,2
2012-12-10,3438908.96015914,49854.16345,24.2747710130589,30.6428106,10540025.0,2
2017-05-29,595921917085.0,5363911.6870551,4473139.31565,494.90441559,16359725.0,2
2017-01-05,317688400354.0,2009800.81508544,2210932.64,114.99194252,16085050.0,2
2014-03-10,3815723798.81,2907116.53210744,31866.3506904,16.26715826,12501775.0,2
2018-03-03,3007383866430.0,25485633.75,26909615.3184,37.96379904,16896500.0,2
2018-02-09,2874674234415.0,14685356.425,19291612.224166,88.36425123,16855512.5,2
2014-11-10,39603666252.4,1291511.52,277587.95881,13.37547938,13483950.0,1
2016-06-07,199312067531.0,2169535.0617,1406915.6396715,56.5104784,15631975.0,3
2012-07-20,1866391.305,73021.6,13.9168222509,28.9098919,9506000.0,3
2018-05-11,4138123233250.0,13452669.738,26161151.1691,38.61210375,17028300.0,2
2016-05-02,178659257772.0,1762341.41699,1394348.38048107,45.13159943,15495100.0,3
2014-01-01,1180923195.25803,2775832.62,11740.802089632,12.12566192,12200575.0,1
2013-03-01,4367876.0008422,130023.7632,34.3062704062833,54.50251001,10848250.0,2
2019-05-02,6353030562984.0,12941749.3454,58109198.6542231,64.71081505,17679387.5,2
2014-09-26,34661425924.0,1286776.14,220547.690039,11.34818893,13320275.0,3
2013-11-30,707408283.051,4745240.0,6857.2640153,17.71816338,12063250.0,2
2019-05-14,6702169884349.0,16211651.6224,50641334.152295,132.68789564,17700875.0,2
2019-04-07,6393023717200.0,9465714.63768817,44809649.515,85.51644481,17631750.0,2
2012-08-05,2036671.08869,84261.4932141129,14.2753291242,25.67591134,9630350.0,3
2015-09-25,59335351233.9,1145777.71973395,477831.361961,27.11947875,14652725.0,3
2013-12-25,1180923195.26,2685430.98770231,10508.0178702,12.31784641,12177500.0,3
2021-05-11,20608845737768.0,64607298.400094174,176209059.88134116,81.79323145000001,18707243.75,2
2015-04-04,49446390688.2,1205590.6290449,371157.005412,13.74643295,14021750.0,3
2013-03-17,4847647.15207,214949.15,43.1350346127,36.37341092,10907825.0,1
2015-05-24,48807487244.7,851874.75,349377.602526,15.48928101,14199975.0,2
2017-08-11,923233068448.0001,7130610.58667,6608759.72595,234.94470226,16501825.0,1
2013-04-03,6695826.28259625,538423.88021,59.2475367223816,79.62487035,10986575.0,1
2013-08-02,37392766.1365,467411.44503,332.726003145,28.01755065,11500725.0,2
2013-03-28,6695826.28259625,411945.3,59.5803880522826,76.29513174,10965775.0,2
2012-12-09,3438908.96016,48494.013510029,24.2747710131,24.32194589,10542025.0,3
2012-10-02,2864140.50781097,89306.0077,19.3632987784582,23.89542547,10084550.0,2
2015-03-04,46684376316.9,760764.32,264558.994499,14.20542004,13907375.0,2
2019-04-05,6379265451411.0,10526385.5093,50104170.8893222,114.82307281,17629750.0,2
2015-08-21,52699842409.347,904694.07,403437.399843575,23.63760391,14522325.0,3
2020-01-27,14776367535689.0,14226813.8665,94755300.6505832,19.78717492,18185037.5,2
2017-03-14,460769358090.00006,2657111.6,3573175.16833,256.53171308,16215550.0,2
2020-02-28,15486913440300.0,17412081.0567263,121637665.57,26.28258744,18242875.0,3
2016-01-23,113354299801.0,1812144.66066603,1008642.23242,38.59889347,15115250.0,3
2018-09-17,7019199231180.0,10912753.5263,47105048.6594,17.45767671,17272375.0,3
2015-09-19,59335351233.9,778412.490972329,389344.072709,21.74704429,14631000.0,3
2019-03-19,6068891541680.0,8830120.09324,52493404.8708,22.30871865,17598550.0,2
2017-09-02,888171856257.0,11028567.4852437,7240807.04213,290.49925993,16540275.0,2
2015-05-22,48807487244.7,908597.137475951,291148.002105,15.33794565,14189975.0,2
2016-10-03,241227200229.0,1164434.0,1822703.31,75.66,15909150.0,3
2015-10-04,60813224039.4,991818.86960847,447410.181079,19.36537912,14690050.0,3
2020-11-25,17596801059571.0,20363512.95999495,135584967.41998515,98.62265001,18554181.25,3
2016-12-07,286765766820.0,1686375.17,2494660.6281047,107.75,16030312.5,2
2016-11-27,281800917193.0,1373271.48889146,2017209.53,81.15381886,16010512.5,3
2012-09-04,2440642.60692,99789.0507609704,21.8385003707,29.66526976,9869150.0,2
2012-12-24,3370181.79928,52304.3830959112,20.606515451,28.03994895,10586600.0,2
2020-12-05,19157154724710.0,18632287.72198453,137132255.0450689,69.64763484000004,18563187.5,2
2018-01-25,2460585023617.37,23853113.88,20445148.5647756,220.85446644,16824625.0,3
2020-02-06,15466098935600.0,17105098.5956,103791233.008,27.10635364,18202187.5,2
2019-05-01,6353030562980.0,11945018.6431959,54003657.445,65.62521893,17675962.5,2
2018-12-02,6653303141400.0,5968275.42689432,37704074.2119,23.24535308,17404025.0,3
2013-06-20,19339258.2723867,486180.0,140.358522500979,55.51629176,11310750.0,2
2020-10-30,19997335994446.0,12828892.041338578,110342099.02156112,262.34694254,18530012.5,2
2018-06-04,4306949573980.0,17156875.25,39180231.3025,20.71075272,17073387.5,2
2016-09-23,225832872179.0,1027531.44,1526764.96354624,60.05,15888937.5,2
2019-03-25,6379265451410.0,7512795.86116,46933020.833,29.20096219,17609625.0,3
2016-09-15,225832872179.0,1179081.75,1728836.79,59.69,15875062.5,3
2016-05-16,194254820283.0,1636434.02969314,1361560.78853,60.51568467,15550675.0,3
2017-06-26,711697198173.0,5067818.19886,5023769.66544811,375.05657594,16412875.0,2
2014-08-03,18736441558.3,2010486.9,125738.130838,10.10701582,13099450.0,3
2014-01-23,2193847870.17,3879215.6,21375.1267539,16.99280777,12306925.0,2
2013-10-21,267731249.482421,1201693.48,2675.10751260981,41.67292026,11876100.0,1
2017-04-19,520808749422.0,2444373.75,3702204.70037,209.52935942,16282237.5,2
2013-08-13,50810339.0482765,389416.79,484.952765580043,43.02378882,11553875.0,3
2012-03-06,1496978.59502557,37791.78,11.0134510190988,4.97452409,8503450.0,3
2013-07-12,26162875.6826,364781.0,196.385104275,25.13594621,11409975.0,3
2012-09-02,2440642.60691596,94878.0,18.5627253150813,36.95385361,9846250.0,2
2014-11-16,39603666252.4,1443522.72,299243.757015,14.59071691,13507175.0,2
2013-02-26,3651011.63069321,160997.07987,28.1313797503144,52.05842396,10828675.0,1
2019-02-21,6061518831030.0,6051778.48558182,35857048.5192,34.71560858,17550787.5,3
2019-01-27,5883988430960.0,6393436.1979,40071767.2419,15.90784813,17504562.5,3
2013-09-27,148819199.805093,544203.0,1302.02028851433,27.84186309,11760525.0,2
2016-05-14,194254820283.0,1662212.65022,1390530.16700974,48.00318276,15544975.0,2
2012-09-12,2694047.95296,82870.73,19.4186682698,20.11991821,9931100.0,2
2012-08-12,2190865.97010286,91102.17325,18.4055429382566,25.04966154,9679150.0,2
2014-12-05,40007470271.3,1608673.90086041,288373.409486,12.38234866,13579300.0,2
2013-11-21,609482679.888,3175653.0,5029.39302641,23.61058302,12024100.0,1
2014-10-18,35002482026.1,1747485.79923333,233157.697776,10.35069092,13401400.0,2
2016-12-21,310153855703.0,1773147.30675459,2451435.25,114.92502583,16054812.5,2
2016-08-25,217375482757.0,940023.47,1404753.2,64.61,15835762.5,2
2016-09-04,220755908330.0,1380345.26421974,1964316.59,46.63006916,15854175.0,3
2015-08-22,54256630327.9,869575.88,412658.093588,22.96914083,14527350.0,2
2014-08-18,19729645940.6,2516475.0,202037.799997,12.87741605,13162575.0,2
2020-05-16,16104807485529.0,8429266.32745205,100872364.627304,108.31654619,18378975.0,2
2017-03-13,460769358090.0,2417768.25,3321220.50902016,220.75092528,16214000.0,2
2013-10-24,267731249.482421,1044809.26,2781.5794534102,46.75449972,11900650.0,3
2020-03-08,15486913440293.0,17385259.2570763,121637665.569937,16.14238732,18260562.5,3
2020-05-02,15958652328578.0,17019209.5407702,117409718.706511,68.24207768,18357887.5,2
2018-09-08,7019199231180.0,12056257.7326,52338942.9549,18.81937591,17255812.5,3
2019-06-17,7409399249090.0,16680372.7946,48986990.184,117.79979394,17764400.0,2
2019-03-22,6068891541680.0,8113657.07201,48571483.8172,27.14701994,17604100.0,2
2020-12-01,19157154724710.0,21143567.33429405,144750713.6586838,145.30838284999993,18559675.0,3
2014-12-18,39457671307.1387,989099.82,272641.755669288,14.30375502,13624625.0,2
2012-12-31,2979636.61693807,55912.003,24.8839146572199,23.37476946,10617275.0,3
2019-10-09,12759819404400.0,14626389.9734,87532580.6966,30.36615188,17982912.5,2
2020-11-08,16787779609933.0,15148276.024686076,115164457.02317438,95.69061816999996,18537725.0,2
2017-10-28,1452839779140.0,6888711.11288,6138789.85775,175.03828084,16651475.0,1
2018-12-07,5646403851530.0,4959282.00473,31998005.4003,31.19535557,17411912.5,2
2016-08-26,217375482757.0,1031828.28690519,1426364.78,62.44953714,15837412.5,3
2015-10-13,60813224039.4,919373.613058023,459502.348135,24.94470798,14722025.0,3
2018-02-27,3007383866429.0,21592349.9667,23919658.0607974,50.54578675,16890362.5,2
2013-05-01,10076292.8834,383775.10965,72.1289139987,55.0843293,11105600.0,3
2019-04-17,6393023717202.0,9679415.78377,43856252.7168405,77.14980905,17650825.0,2
2014-02-06,2621404453.06462,3075109.2,21761.8906024157,15.60584661,12366550.0,3
2019-06-11,7459680720540.0,14984664.3563,53027651.8156,110.58719487,17753375.0,3
2019-07-23,9033161130740.0,18769327.2033,64212845.1846,51.72742398,17833887.5,3
2014-11-09,39603666252.4184,1489196.94,273650.540954412,12.86996556,13486050.0,1
2013-04-30,10076292.8834187,442507.288,74.6333901791775,35.90344815,11098275.0,3
2014-10-07,34661425923.9769,1138502.88,260177.353092678,13.07728331,13360925.0,1
2014-02-13,2621404453.06,3220703.2,24889.3479345,17.1625273,12389250.0,3
2020-07-17,17345948872516.0,7439212.40619956,101748071.861276,77.30576136,18435425.0,2
2019-04-25,6353030562980.0,10225360.6553522,45160953.3019,94.30087588,17664912.5,3
2012-08-25,2440642.60692,93681.96486,21.3532003624,22.34564361,9790650.0,1
2016-04-11,166851513282.777,1607456.49,1252429.29072319,46.95261581,15420475.0,2
2019-04-30,6353030562980.0,9672352.74233,44213520.7152,85.48463465,17674587.5,2
2017-08-30,888171856257.0,11654892.529929,7417412.09193,388.49753062,16534012.5,3
2016-09-16,225832872179.0,1121897.37515543,1571669.81,63.99372021,15876800.0,3
2016-06-13,196061423939.25,2830943.5,1569148.86592427,38.86224972,15654875.0,2
2014-03-25,5006860589.21,2453784.16910848,39324.9976022,14.55404643,12559900.0,2
2018-08-19,6389316883510.0,11859087.978662,46054126.4291,17.04586085,17219612.5,2
2014-07-08,16818461371.2,2661544.47118273,132931.989673,12.27727536,12995100.0,2
2020-04-09,14715214060657.0,14241012.6272215,112650577.826398,23.29595386,18314800.0,3
2012-04-22,1577913.48568,40283.5404409664,11.6088987141,4.86652314,8836900.0,2
2019-11-16,12720005267391.0,15864379.2041,93582603.9467827,22.93336843,18051425.0,2
2020-09-05,17557993035167.0,10426131.583986409,123066572.0785968,119.88963774000007,18480606.25,3
2021-04-13,23137439666472.0,61441759.0375718,163323907.73906472,101.82975420000001,18681893.75,1
2017-04-02,499635929816.0,2378690.40697005,3924251.81247,180.73640574,16251512.5,3
2016-10-18,258522748404.0,1239301.7,1991941.5,77.24,15936412.5,3
2017-05-31,595921917085.0,5808558.0762,4858244.02495,570.4198544,16364012.5,2
2015-07-16,51076366303.4819,1007435.76,345306.711928103,24.85055473,14387675.0,3
2014-02-28,3815723798.81,2122551.0,28072.7375129,14.89760883,12461975.0,3
2016-10-06,241227200229.0,1237023.86,1930626.53,77.72,15915225.0,2
2015-01-07,40640955016.6,1052470.30059465,272736.832304,12.78348978,13696425.0,1
2012-11-25,3368767.14053294,100921.0155,23.6121875254214,27.27039836,10485000.0,2
2013-08-20,50810339.0483,568944.0,520.313904737,34.14204628,11580025.0,2
2013-08-14,50810339.0483,416608.92,421.807874228,64.02507935,11558050.0,2
2015-09-16,56957648455.0,878460.558930335,421875.629263,26.10466496,14620800.0,2
2020-08-10,16871707187017.9,11774383.1865932,114901504.532898,133.6661337,18456900.0,2
2012-04-29,1508589.67206029,42270.0,12.4487382935262,4.96371671,8884200.0,3
2020-11-07,16787779609933.0,16132958.559332216,121840657.43031493,135.2343624300001,18536837.5,3
2017-06-27,711697198173.0,4893544.70261,4634604.40967,367.89377898,16414512.5,2
2016-09-25,234688749068.0,1430506.21156199,2230413.26,49.59149659,15894125.0,3
2016-10-14,258522748404.0,1090902.33,1747768.03188358,68.01,15929512.5,2
2018-01-03,1931136454490.0,41037010.8705439,15071578.2735,749.68547259,16780450.0,3
2013-09-21,112628548.666347,635632.06,1046.97476265102,27.4817632,11736500.0,3
2020-05-12,16104807485529.0,8950520.33366681,116883851.076083,109.81191323,18375906.25,2
2021-04-22,23581981443664.0,64293952.906998485,167634131.8030608,299.48661393,18688787.5,3
2018-12-13,5646403851530.0,5653823.06385,36769637.7846,22.08826418,17421350.0,3
2018-04-08,3511060552900.0,14130051.6983,28100258.4501,21.01734283,16966275.0,3
2014-09-10,27428630902.2579,1904140.0,212703.603484762,10.27418557,13254725.0,3
2013-03-12,4367876.00084,173259.723711882,33.4377572314,66.65059923,10892000.0,3
2018-04-24,3839316899030.0,19313819.5456429,30345703.0408,65.4108642,16995962.5,2
2012-12-11,3370181.79928,44357.24748,21.6117113266,27.61405036,10548875.0,2
2017-06-09,678760110082.0,6408509.03145,5094943.56099,455.56014992,16381987.5,2
2018-01-28,2603077300218.0,24143236.92,20445148.5647756,155.34485572,16832287.5,3
2012-04-18,1577913.48568,40507.95,12.2364067527,5.94767942,8816500.0,3
2016-11-07,254620187304.0,1294398.35,1847956.77194818,91.27,15971812.5,3
2016-12-11,286765766820.0,1520295.44,2223811.75,93.12,16039900.0,2
2020-09-25,19314656404097.0,12502201.347978113,162263115.42307216,77.16010813000001,18499912.5,3
2021-03-05,21724134900047.0,49815984.01444393,160906977.89941573,114.36391386999999,18645812.5,2
2020-04-08,14397482597688.1,13302461.4215237,103061194.836332,22.6627845,18312612.5,2
2019-10-27,13691480038700.0,13879519.9511,78269823.9005,33.97050101,18016250.0,2
2015-06-28,49692386354.8938,873579.6,363122.622863501,17.63474995,14326975.0,2
2017-10-15,1182954806242.91,14217107.1208,11601113.0653046,162.7073282,16625575.0,3
2020-11-19,17596801059571.0,16988027.064900875,119839616.36476107,94.51871958000002,18548268.75,2
2020-07-28,16847561611550.0,12037341.111269,121437040.395232,187.57139032,18445081.25,3
2016-12-06,286765766820.0,1505792.02940228,2138280.53,119.47737538,16027087.5,2
2013-09-03,65750060.1490848,554360.76,604.663845362444,24.59734787,11647350.0,3
2012-11-11,3368767.14053,79020.24,23.6121875254,18.20735207,10382650.0,3
2015-09-21,59335351233.9,753538.56,389344.072709,26.79271324,14637300.0,2
2017-04-22,520808749422.0,2596344.05,3753983.78709,180.34051775,16287775.0,3
2015-08-30,54256630327.89,819141.99,388384.088082415,17.61443105,14556000.0,2
2016-04-15,178678307672.0,1574760.3,1287911.29344,45.74093808,15435950.0,2
2020-07-27,17309155182109.1,11099308.3016979,128205972.903398,121.12370183,18444206.25,1
2013-03-07,4367876.0008422,159240.9,33.0035006440194,55.6880887,10871675.0,1
2019-03-04,6071846049920.0,6497311.76435,41351135.2879,28.45991569,17570862.5,3
2013-09-14,112628548.666,899652.526859019,1024.57958056,20.23750549,11704550.0,3
2019-01-14,5862614531725.31,6784730.48244,43423390.2168908,19.99425343,17482112.5,2
2018-01-29,2603077300220.0,21651636.805,19151151.8202,145.75112922,16834137.5,3
2012-05-14,1733207.51384839,33436.21,12.320624435763,19.59848847,9013700.0,2
2014-09-15,29829733124.0,2259751.94511144,250600.648941,12.22944483,13271200.0,2
2014-08-04,18736441558.3,2137667.01109539,122943.950153,11.0974416,13102750.0,2
2015-07-25,52278304845.5917,1014092.77,397611.600337113,19.31582931,14422750.0,2
2020-09-19,17345997805929.0,10777756.114914745,128478859.9612265,47.55137105000001,18494418.75,2
2015-05-06,47643398017.8,945553.59,381306.952007,16.35823476,14131300.0,2
2021-01-26,20823531150112.0,35209827.729441255,166658079.0462025,81.76242060999999,18611306.25,2
2021-06-19,19932791027263.0,23856840.00185822,102059034.89293952,24.633397950000006,18738731.25,3
2020-08-24,17340945336075.322,11845489.149642441,128441437.17505692,78.44959878000006,18470062.5,2
2018-10-09,7454968648260.0,10819341.6623845,48176505.2061,16.66631934,17313587.5,2
2015-10-05,60813224039.4403,924519.16,447410.181079053,23.79329659,14690800.0,2
2021-02-26,21724134900047.0,47395143.797322005,150107851.8658979,148.87842397,18639450.0,3
2012-05-15,1733207.51385,28570.05774,9.6497198378,13.98413588,9019300.0,2
2019-07-02,7934713219630.0,21634656.181,62321003.9059,117.88960184,17794062.5,2
2013-06-27,19339258.2724,410408.76006,161.50843685,47.29444705,11345025.0,3
2012-07-09,1751454.53534,66511.019392808,13.1468568566,15.89719336,9417050.0,3
2015-09-09,56957648455.0,852524.08,399224.588766,26.40670885,14593350.0,3
2015-08-16,52699842409.3,950836.71,385099.336214,18.29530243,14503950.0,3
2017-05-15,559970892890.0,4090703.34962,4732171.69195208,327.30377033,16332150.0,3
2020-01-19,14776367535700.0,16961771.1248,110180582.152,16.5175935,18170125.0,3
2012-10-16,3072321.73202,125996.042213467,21.534357778,25.01043862,10186150.0,2
2013-12-23,1180923195.25803,2693937.74,9333.93766125748,12.64534115,12168725.0,1
2015-04-20,49446390688.2414,897496.08,408026.906611865,16.81026573,14073025.0,1
2020-11-01,19997335994446.0,13377441.175498055,124259120.51977606,177.84284836,18531550.0,3
2015-07-26,52278304845.6,1135825.74,402809.137596,31.04624618,14430825.0,2
2018-12-16,5646403851530.0,4750978.91291,32278689.6582,14.84875261,17426475.0,2
2012-12-19,3370181.79927784,37455.6,23.9571683698449,30.62284069,10573275.0,2
2021-04-23,23581981443664.0,55567384.88797259,158255998.5553371,269.6867531700001,18689443.75,3
2019-05-15,6702169884350.0,16983774.4919,49641834.1361,192.3590738,17702800.0,2
2020-10-26,19997335994446.0,10435984.482452529,109348026.05740291,111.29083665,18527387.5,2
2015-01-15,43971662056.1,768009.0,325690.633354,15.88562435,13727150.0,3
2017-03-09,460769358090.00006,2451454.02995886,3389935.4161,236.67178552,16206437.5,3
2012-10-31,3304356.39299,113345.500422664,22.1751603785,22.71724606,10300950.0,3
2020-09-29,19314656404097.0,10337349.261857346,135379285.64883536,82.97491039999994,18503437.5,2
2013-01-14,3249549.58449,65275.0050160575,20.5150702245,34.87908233,10666825.0,3
2019-06-09,7459680720540.0,15040475.2089595,54510942.7755,62.99063806,17750225.0,3
2013-11-12,510929738.016,1850107.36,4774.90954725,24.28778395,11979100.0,1
2016-06-21,206307449112.0,2775119.94524628,1551383.97,76.28917579,15683900.0,3
2019-11-13,12720005267391.0,15067619.9304,85362510.3568626,34.31516352,18045212.5,3
2013-04-26,8974296.01489,619929.370863019,70.9322332672,40.59900011,11086050.0,1
2012-03-30,1626553.48132894,40362.3,12.1284618185812,4.66025176,8688000.0,2
2012-03-31,1626553.48133,36987.216,12.1284618186,4.34212197,8695500.0,2
2014-09-07,27428630902.2579,1828275.96,223611.480586544,11.323667,13243475.0,3
2013-05-28,12153411.7098,552544.72494,101.497094666,51.94317506,11209825.0,2
2018-04-16,3839316899029.0,14177203.375,26910340.4324498,25.73063079,16981675.0,3
2021-03-06,21473685655440.383,49711918.89213497,162254330.9888254,77.90309706999999,18646687.5,2
2017-08-15,923233068448.0001,9519693.7153427,6975913.04406,350.45038263,16508887.5,3
2015-03-18,47427554950.6483,935886.42,332426.752770383,16.03415694,13957750.0,3
2017-01-29,392963262344.0,2072803.25974792,3262229.72419,119.8377983,16132375.0,3
2017-12-08,1590896927258.0,40290718.09,12337090.7722833,641.42966479,16728825.0,3
2015-04-27,47610564513.5,877280.4,371577.237872,15.80028461,14103050.0,2
2018-10-06,7454968648260.0,10527206.7148305,46323562.6982,17.57876392,17308500.0,3
2015-10-10,60813224039.4,1120907.08993729,453456.264607,24.80907025,14711375.0,3
2016-10-13,258522748404.0,1124610.24223968,1644958.14,67.12105979,15927662.5,3
2012-05-30,1591074.96185,37954.47,11.5475437417,13.60278435,9113800.0,2
2020-11-05,16787779609933.0,20893224.438920554,122675182.48120748,260.44440040999996,18534862.5,1
2014-12-17,39457671307.1,1308619.63642535,272641.755669,15.18390144,13621525.0,2
2018-05-10,4022059196164.0,17520355.4167,30790397.6545772,26.71177891,17026712.5,3
2018-09-09,7019199231180.0,13080457.3585849,56874984.6776,18.37028897,17259100.0,3
2019-07-16,9064159826491.0,22149573.041,72994256.2884298,62.69846283,17821612.5,3
2015-02-18,44455415962.3,1187677.75371608,362422.077094,14.96619549,13850300.0,3
2017-08-14,923233068448.0001,7782196.464,5966241.41926,249.18827382,16506987.5,3
2012-06-04,1591074.96184731,37559.5,11.9430075685117,29.98382458,9157400.0,2
2014-06-26,13462580114.5,2992633.06533511,125145.727144,10.13416507,12947700.0,3
2014-11-02,35985640265.1,1391560.73540277,277272.661458,12.64623465,13459400.0,3
2020-04-25,15958652328578.0,13029925.9247904,107890011.784362,27.81417372,18345075.0,2
2018-05-03,4022059196160.0,18065019.7593026,30190584.7133,39.40065166,17012537.5,2
2020-04-07,13912524048946.0,15735459.9608062,116188014.045904,25.32409774,18311237.5,3
2018-02-26,3007383866430.0,18189790.7038972,21079198.6661,46.19035139,16888362.5,3
2014-07-29,18736441558.3,2587762.30485722,162993.873309,10.39546815,13080375.0,2
2017-03-27,475705205060.99994,1843886.29357483,3121461.28903,194.84378734,16240487.5,2
2019-09-17,11890594958796.0,19262723.3651,87480532.8558527,34.64137449,17941187.5,3
2019-02-15,6061518831030.0,5762323.41641078,38267606.4028,26.46547377,17539812.5,2
2020-09-06,17557993035167.0,10418304.66587639,130921885.1899966,70.73717940000002,18481481.25,2
2019-02-03,5814661935890.0,6044025.21308595,39888680.9441,14.74322284,17517450.0,3
2018-07-28,5178671069070.0,14770485.99,37327804.5992,16.74880998,17177012.5,2
2014-05-25,10455720138.4848,2473824.0,78483.2567556605,11.91589205,12819000.0,1
2017-05-23,584152236545.0,5849528.14907328,4976737.78165,468.38356854,16347800.0,3
2020-01-01,13031658000900.0,15907075.7859,112718458.533,9.97099973,18134600.0,2
2015-12-03,72722780642.5,1519899.93769986,520569.94089,29.71151175,14913750.0,3
2021-04-12,23137439666472.0,59662203.17826638,165624244.467784,91.77267732999996,18680887.5,3
2012-06-24,1726566.55919,46247.4991797672,13.1316976462,14.64248007,9301250.0,2
2014-02-12,2621404453.06462,2861830.86,21761.8906024157,14.00026739,12391375.0,3
2016-12-08,286765766820.0,1516416.0,2238066.96,96.23,16032275.0,2
2019-09-05,10771996663680.0,22456931.6286,88354011.6691656,36.69293406,17917712.5,3
2018-08-18,6389316883510.0,12979347.0715,50818346.4046,16.45331646,17217162.5,3
2016-11-09,254620187304.0,1411825.60284686,1860614.01,83.73198606,15976712.5,2
2015-08-19,52699842409.3,892100.96,398197.953092,24.77607127,14514600.0,3
2016-10-17,258522748404.0,1001040.49,1606404.44106947,72.44,15933212.5,3
2019-02-01,5814661935892.0,6857975.37196,45669649.196857,33.11076701,17514112.5,2
2016-04-07,166851513283.0,1524704.23553882,1210958.12216,44.73522886,15404775.0,3
2014-10-31,35985640265.0762,1313816.07,336304.905509898,13.16989149,13451425.0,3
2021-02-04,20823531150112.0,43879560.217283756,165622935.69808948,166.88621843,18619418.75,3
2018-12-20,5106422924660.0,6721946.32294331,34268624.1577,27.62806589,17432562.5,2
2019-01-26,5883988430955.0,6857448.82583,43874197.7100592,19.8801991,17503262.5,3
2012-09-11,2694047.95295501,80482.9597,21.1596523215742,23.00668134,9918200.0,2
2013-04-20,8974296.01489,463338.735088351,77.6239533867,46.22212486,11061400.0,2
2013-04-23,8974296.01489,560371.0005537,78.0700680613,61.23818202,11073800.0,3
2018-12-12,5646403851535.0,5270463.56845,33682110.9477101,22.35779149,17419712.5,3
2017-09-16,922724699725.0001,8161423.06774,7751843.02132,119.91780546,16570300.0,3
2014-11-17,39603666252.4,1585496.74478053,295306.339159,15.10046843,13515175.0,2
2014-03-02,3815723798.81463,2375406.0,28262.4181718192,14.75881128,12469250.0,1
2019-04-03,6379265451410.0,9794906.73422,45030330.7993,142.10298824,17625775.0,2
2019-04-09,6393023717200.0,9214713.99634,41949459.1205,114.92556114,17636612.5,3
2013-05-07,10076292.8834,469929.84124,81.6459234846,49.35342081,11129525.0,3
2020-08-31,17557993035167.0,12191565.474340877,130921885.1899966,91.53783350000002,18476212.5,3
2014-05-30,10455720138.5,2667113.68140693,79003.0134229,11.59815107,12837800.0,2
2013-05-04,10076292.8834,458356.35888,77.1378663597,38.14591919,11116975.0,2
2016-07-07,213398925331.0,2195264.88,1463920.30012906,56.79,15743825.0,3
2020-10-25,19997335994446.0,10397996.375269836,116306536.80651039,65.2647025,18526731.25,3
2014-10-25,35985640265.0762,1158701.8,271906.093816513,10.7606396,13427325.0,3
2020-08-17,16947802333947.0,10390360.2175087,105309977.956271,81.70844023,18463700.0,2
2021-02-24,21724134900047.0,59746178.57906681,171706103.93293357,189.53161494000005,18637687.5,2
2014-01-28,2193847870.17428,3184666.8,18103.4236793568,13.74047422,12326925.0,1
2013-10-22,267731249.482,1061934.45,2808.19743861,36.67520171,11889425.0,3
2020-05-22,15138043247083.0,7770388.92415917,83529299.4740014,158.63953474,18383375.0,2
2017-01-14,336899932795.0,1922419.87738231,2880550.47,86.85666196,16102662.5,2
2018-10-07,7454968648263.0,11727102.619,52623567.2251537,13.06671747,17310275.0,2
2012-06-29,1726566.55919,47614.002,12.1875886651,14.1692415,9346600.0,2
2012-08-21,2190865.97010286,76683.24,19.712445395411,24.5640378,9750600.0,3
2014-03-18,4250217919.87,2364889.67,32748.3192111,12.4119528,12533950.0,3
2016-01-24,113354299801.471,1694688.25,935388.885930294,37.10747183,15120825.0,2
2014-11-03,35985640265.0762,1353011.52,277272.661457628,16.9453104,13460300.0,1
2014-05-27,10455720138.5,2171401.39268694,91996.9301043,12.14135874,12826650.0,3
2014-10-16,35002482026.1332,1286691.63,260997.422883802,11.63600658,13389925.0,3
2019-10-07,12759819404400.0,15743886.0120569,98315579.7679,24.7041595,17979387.5,2
2012-04-25,1577913.48568,39216.5834134437,12.0795297431,5.52832728,8860150.0,3
2019-06-27,7868124124770.0,23684931.4245074,55539973.1845,200.10125128,17783937.5,3
2019-08-28,10183488432900.0,19285143.4358,76439817.3211,33.87031855,17902275.0,3
2017-02-17,422170566883.0,2094835.8,3168918.11912658,165.84442388,16169187.5,2
2018-04-09,3511060552900.0,12870549.029244,25656757.7153,22.42407623,16968112.5,2
2021-02-10,21434395961349.0,49429153.26156691,152367873.16992718,168.16327938999996,18625368.75,3
2021-02-21,21724134900047.0,57635434.78941177,152267677.07260144,115.10198626000007,18635050.0,2
2021-01-05,18599593048299.0,35314776.48318403,145160753.31287554,113.36586749000003,18591756.25,1
2014-12-27,39457671307.1387,1329372.5,313832.236741627,12.04266588,13658825.0,3
2020-06-15,13732352106018.0,8280410.59960841,94204171.7658051,34.18315891,18405781.25,2
2017-01-27,392963262344.0,1976661.18,3320832.65336205,114.04371837,16129200.0,2
2018-05-29,4306949573980.0,12968995.585,29759847.8199,28.63684227,17062337.5,3
2018-05-28,4306949573981.0,13947339.5,33399541.438195,29.12400991,17061037.5,2
2015-04-29,47610564513.4713,785569.33,305308.685894676,16.08932183,14109600.0,2
2017-09-21,1103400932964.0,8287404.38525,9653662.98815166,136.34884416,16579937.5,3
2019-12-09,12876842089700.0,13970881.9664841,94736471.2539,21.82070486,18092887.5,3
2018-09-20,7031329605790.0,12472948.4743,54756137.2027,18.26192982,17277925.0,2
2014-10-30,35985640265.1,1631334.81998031,336304.90551,13.86147032,13447425.0,2
2015-04-15,49446390688.2,795633.3,339203.091039,15.02016737,14059875.0,3
2016-11-22,281800917193.0,1264052.4,1877125.54312249,101.52,16001587.5,2
2015-10-09,60813224039.4,921712.5,450433.222843,25.49534435,14702450.0,2
2020-07-15,17345948872516.0,8552242.70922882,118993507.769967,64.32008944,18433893.75,3
2015-11-23,65848255179.7,1306072.25,523733.52314,25.51151834,14874925.0,3
2013-02-10,3275464.58657,123391.290727767,25.8890522139,45.20832246,10767475.0,3
2015-11-03,62253982449.8,1978231.68590037,488956.635989,34.34305541,14795450.0,3
2013-10-20,267731249.482,999159.747808438,2675.10751261,28.48710739,11877925.0,1
2015-11-27,72722780642.5,1237283.51634607,538645.28606,26.65176592,14890350.0,3
2015-07-13,51076366303.4819,1025923.61,368157.891393933,28.01547123,14376350.0,3
2017-03-01,440779902286.0,2416017.4,3155225.44175408,229.59036693,16191787.5,1
2019-12-15,12876842089700.0,11126047.8730105,79373800.2398,20.4478166,18103250.0,2
2019-02-04,5814661935892.0,6411524.44993,42490116.6578353,17.08811248,17519625.0,3
2017-04-07,499635929816.0,2599338.0,4023599.95962,225.14679282,16259962.5,3
2017-11-21,1364422081120.0,19226652.9,11733861.5907,310.29655182,16691900.0,2
2017-06-23,711697198173.0,6125531.76571,5660585.53853309,338.95972894,16407750.0,3
2017-12-31,1873105475220.0,34803527.1470655,15177350.2495,545.14452622,16774500.0,3
2013-07-10,26162875.6826,379783.436091007,249.708212058,26.39959721,11402075.0,2
2015-03-01,46684376316.9,993508.46,348103.94013,16.08425123,13896750.0,2
2015-04-01,46717549644.7,942541.77656054,341384.272423,16.83868407,14010350.0,3
2020-03-30,13912524048946.0,11637863.3799015,101664512.290166,26.24289384,18295875.0,1
2020-08-15,16947802333947.0,12537672.5372401,131426852.489427,67.51446166,18461943.75,2
2019-11-22,12973235968800.0,12538677.9777,85127203.6530772,40.02095823,18061850.0,3
2018-05-13,4143878474754.0,16146155.5833,30487010.8112811,23.33858622,17032212.5,2
2015-02-15,44455415962.3,1098201.7798575,349162.73281,13.82078432,13838450.0,3
2018-03-26,3462542391191.0,15370403.125,25818587.3805191,26.98506764,16940725.0,3
2020-03-29,13912524048946.0,11822813.2911171,104430893.576974,21.0619088,18294125.0,3
2020-11-27,17596801059571.0,17988301.561259545,134710225.69469494,84.21494944000001,18555943.75,3
2017-10-26,1233777273050.0,14196709.0848065,12999790.287,112.65051758,16647650.0,3
2017-09-12,922724699725.0,10193192.4659,8623352.00004277,148.9079562,16561625.0,3
2013-11-17,609482679.888355,2405535.0,5847.42683190499,25.27467522,12002525.0,1
2013-06-12,15605632.6813,530067.0,149.721720207,38.93851606,11277450.0,3
2019-01-20,5883988430955.0,7156712.10523,45921660.2698619,14.42266508,17492362.5,3
2012-04-08,1626553.48132894,36254.4,11.8050361700857,3.83316764,8742550.0,3
2012-03-07,1496978.59503,39020.0,11.6087726958,4.28583196,8511250.0,3
2017-03-20,475705205060.99994,1948540.0,3216051.02506,241.15787713,16226637.5,1
2016-02-01,120033340651.0,1613765.19778435,1050172.59218,55.98834185,15154350.0,3
2015-08-24,54256630327.89,842084.76,423446.540478744,24.8013553,14533500.0,3
2017-08-27,888171856257.0,9978452.55324677,6843445.68006,358.8427277,16528437.5,3
2015-01-11,40640955016.5765,1115640.0,296980.106286311,32.63994364,13717275.0,3
2016-07-10,213398925331.0,1267110.0,1654866.42623285,38.56,15752537.5,2
2017-07-20,804525194568.0,6303559.80625,6478892.62402049,229.27219537,16459475.0,1
2021-03-24,21865558044611.0,56905120.7290735,165215303.47198936,82.45079822999996,18663350.0,3
2014-08-07,19729645940.6,2541691.97252622,157903.329124,10.97700977,13114525.0,3
2012-03-20,1498294.36282,61229.1316624332,12.0658599151,4.81981657,8600700.0,2
2013-12-10,908350862.437,4710243.707226,7134.38987383,17.50092456,12109175.0,1
2017-09-26,1103400932960.0,7447375.63477086,7569349.38844,150.08561133,16588850.0,3
2012-10-28,3072321.73202,110126.632663093,24.1306987867,12.70849238,10279800.0,3
2019-09-30,12759819404400.0,13436667.5184,82458228.1924,41.0132903,17966175.0,2
2017-11-16,1364422081120.0,17978355.3482826,10309520.0103,502.64025918,16683637.5,2
2019-06-16,7409399249090.0,15480924.6967,47882020.4805591,74.36012488,17762812.5,2
2020-06-29,15784744305477.0,8562734.80271627,113776264.841703,33.39475024,18418300.0,2
2015-06-09,47589591153.6,954812.701541047,373779.242434,17.7172119,14258425.0,2
2013-10-08,189281249.281,950386.198122309,1721.88761458,17.2769699,11815150.0,3
2019-07-17,9064159826490.0,16501101.4444,59927383.2491,64.50187448,17823175.0,2
2018-11-19,6653303141400.0,8565705.29353,41672924.1289,39.9694861,17384550.0,3
2014-03-16,4250217919.87,4518329.04399226,37607.7472231,12.38310041,12526450.0,2
