Date,Bitcoin_my_wallet_num_users,Volume,Difficulty,wallet_num_transaction,Bitcoin_Avg_Block_Size,Miners_Revenue,Hash_Rate,Bitcoin_Cost_Transaction,Bitcoin_Cost_percentage_of_Transaction_Volume,Estimated_Transaction_Volume,Total_Output_Volume,num_transaction_per_Block,num_of_unique_addresses,num_of_transaction,Total_transaction_fees,Total_Bitcoins,Median_transaction_confirmation_time,Class
2015-06-11,3555894.0,1164648.42708,47589591153.6,63601.0,0.455860278186,786071.64,321734.031462,6.28746652589,1.51793953674357,253210.2014607,1324268.32117,941.0,233951.0,125022.0,18.13113121,14265700.0,7.31666666667,2
2020-07-16,51353381.0,83393685.6643,17345948872516.0,124741.0,1.27677246323529,8476261.34494985,117268964.179098,24.5085610915453,0.669008509208198,138881.66240032,984626.116643764,2543.00735294118,709099.0,345849.0,78.15856789,18434768.75,12.0666666666667,3
2017-08-05,15770223.0,344352179.137,860221984436.0,56264.0,0.88123159322,7255240.30508,7568850.42141,31.219582255,0.764589406345019,311119.60604957,1958602.78141,1354.63841808,463850.0,239771.0,113.56678695,16490912.5,6.6,2
2013-10-05,460788.0,459914.165312,189281249.281,10285.0,0.0963550684931507,707536.002615697,1900.66283139,14.7461704136157,5.35902994723,94625.0,410691.014928,207.666666666667,48783.0,45479.0,26.06242489,11795325.0,6.26666666667,3
2015-07-25,3865405.0,4577494.12,52278304845.5917,45325.0,0.371112111686,1014092.77,397611.600337113,11.3116873397,2.80225004257,123793.0,775155.069554052,961.0,244803.0,89650.0,19.31582931,14422750.0,8.53333333333333,2
2015-04-18,3274244.0,1282638.2878,49446390688.2,44221.0,0.334934914813,770156.64,334287.104212,8.92283479893,2.58316505800965,159282.92142703,824017.017661,921.0,216541.0,86313.0,12.06487514,14069950.0,9.41666666667,3
2014-08-16,2037795.0,6020978.09221,19729645940.6,31998.0,0.310691873417722,2233906.7189312,161826.393202,29.5858172718883,5.04866437851,82438.0,493900.281272,430.215189873418,180542.0,67974.0,13.05170457,13153050.0,6.93333333333,2
2014-05-30,1672398.0,8690735.14155,10455720138.5,26627.0,0.220130371257485,2667113.68140693,79003.0134229,38.3139930099255,4.29311209754,88724.0,602173.780592,389.982035928144,123216.0,65127.0,11.59815107,12837800.0,7.38333333333,2
2017-11-24,19087129.0,644675714.794,1361966821650.0,62870.0,1.04861197315,16712356.6142,9977010.84138,56.5664763328,0.646050080520444,328804.47481222,2677848.85112,2051.91275168,698359.0,305735.0,233.53648718,16699450.0,15.35,2
2017-02-19,12096833.0,18054662.2988,440779902286.0,68606.0,0.930882358208955,2008419.45710556,2936112.56385,7.5772257492853,1.11179604978,162299.891205,1419255.29317,1878.51492537313,458998.0,251721.0,129.44377921,16171200.0,10.7666666667,3
2013-08-05,377726.0,1133582.42176,37392766.1365,10073.0,0.118079881819,509301.2117,351.314048013,9.74552643896,2.07950302901818,233397.67775484,749616.265632,191.0,61468.0,52260.0,40.53861293,11514525.0,6.6,3
2021-06-08,73849530.0,468061636.29730004,21047730572452.0,68549.0,1.286348818791947,31680869.696719125,155896965.91540977,128.31146143357847,0.6524886796744789,148507.31436820002,2527319.4607550697,1657.0872483221476,656191.0,246906.0,35.24722007999999,18730256.25,7.633333333333334,3
2017-09-30,17255044.0,274136475.9474,1103400932964.0,47963.0,0.786213398551,7690943.39377,7569349.3884371,37.2313846705,1.19392677621,152977.677889,1660940.9198602,1541.14492754,467807.0,212678.0,101.44145793,16596737.5,10.1166666666667,2
2019-10-14,42646165.0,65962338.316,13008091666972.0,74504.0,1.05937131852,14628224.1899,87295825.4578357,47.3402249495,0.853984140239,206989.979787,821209.414448708,2255.3037037,513254.0,304466.0,23.82030921,17990962.5,8.93333333333333,3
2014-06-01,1680069.0,13128228.4851,10455720138.5,20896.0,0.194410031068,2832232.65,93036.4434388,46.294196538,4.48783294443122,113343.06194779,711248.761169,347.0,140278.0,61179.0,10.91517676,12840025.0,6.63333333333,2
2016-07-12,7930745.0,48343367.13,213398925331.0,54288.0,0.775825874125874,1208033.63462136,1516960.89,5.51527906453499,0.64,285684.82,2314128.38,1531.70629370629,379937.0,219034.0,51.17140866,15755987.5,7.96,3
2014-03-15,1391529.0,2073449.09781,4250217919.87,67.0,0.171213180204,2514362.4,33382.1576475,42.8122322493,2.1970791932049,206476.29095393,462623.860954,408.0,121995.0,58730.0,10.38601922,12522000.0,10.7333333333,3
2018-06-11,25236934.0,378492500.753,4940704885520.0,47330.0,0.793075614285714,11987207.9874201,34384528.0828,56.2262330785761,1.27432780715,139263.304859,1688046.80947,1522.82857142857,446187.0,213196.0,24.67101897,17088125.0,9.85,2
2012-12-18,66978.0,358371.292039,3370181.79928,8703.0,0.183036864,45361.6269439953,23.9571683698,0.850551768994137,1.5280823895,236506.0,1257458.53115,398.496,36002.0,49812.0,40.01882898,10570575.0,13.6166666667,2
2015-05-16,3416442.0,735036.923305,48807487244.7,43717.0,0.389019227272727,893513.609002344,419738.369702,8.96633894956793,4.14273020909,104689.0,686643.867361,687.015151515152,216412.0,90686.0,13.11363793,14166825.0,8.45,2
2012-06-15,9464.0,649100.09516,1583177.84744,643.0,0.154256534591195,58153.4926570799,12.5920316269,0.832095533669299,2.98313778934,269180.0,4351600.72403,345.823899371069,37978.0,54986.0,33.56188777,9230700.0,20.1833333333,3
2012-10-14,32152.0,215864.95342,3054627.52694864,3081.0,0.0862382718712,94664.07,20.9547974016134,3.18841596497,4.4886173515,175310.0,1386647.67021742,200.0,30286.0,29690.0,19.19003194,10164650.0,13.1833333333333,3
2017-03-11,12528656.0,82143460.8364,460769358090.00006,71848.0,0.997576389262,2359087.2,3412840.38513,8.69179138885,0.997990475064672,208985.42190941,1651256.1743,1883.76510067,518976.0,280681.0,217.66771727,16209975.0,10.0833333333,2
2016-07-15,7963235.0,26928546.83,213398925331.0,54377.0,0.790217274074074,1173602.64682308,1432095.94,5.41324640373743,0.62,281068.3,3349411.14,1600.6,367739.0,216081.0,55.22548963,15761175.0,9.23,3
2018-11-21,30781813.0,1455657697.6194,6653303141406.0,58389.0,1.21354621905,6176914.17717,34727436.7741302,24.2287036941,0.599775919613,227159.863465,1309378.21656164,2428.01904762,472551.0,254942.0,49.95016009,17387512.5,15.4166666666667,3
2016-03-31,6648664.0,18808489.1414,165496835118.0,64849.5,0.837658632,1321282.86,1028361.53707,6.32265360616,0.971532273519957,339434.62209977,2142400.6348,1454.0,340536.0,208976.0,44.51090066,15378575.0,8.5,3
2017-11-07,18484924.0,533993339.48,1452839779140.0,87384.0,1.02638008333333,15916555.6435329,11266484.9154,47.4220752348761,0.871607661323,257469.893112,3523838.11587,2151.51282051282,714349.0,335636.0,294.12731396,16669275.0,12.0166666667,2
2021-05-04,72441537.0,571622384.9631,20608845737768.0,83962.0,1.3364648950276241,68034176.30412355,185429301.3867602,226.15940318632673,0.8837680789022855,139504.71181667998,2281525.1487654955,1662.011049723757,772207.0,300824.0,99.39665193,18699668.75,7.15,3
2018-03-21,23760547.0,770717053.191,3462542391190.0,45291.0,0.670269184211,17009679.0867,26162835.2123,88.6768927038,1.67862809507915,116440.08659449,931832.735856,1281.88157895,424456.0,194846.0,31.0252744,16932412.5,9.31666666667,3
2012-04-22,5046.0,175572.355384,1577913.48568,109.0,0.0211824571428571,40283.5404409664,11.6088987141,6.03227619661072,6.3118269108,117304.0,774046.059837,45.3857142857143,11365.0,6354.0,4.86652314,8836900.0,8.55,2
2012-07-04,11454.0,246861.1100565,1751454.53534068,1095.0,0.0688497793936,46462.51,13.8433790741358,2.1076212293,3.76438457619,182314.0,2279526.86962566,221.0,22083.0,22045.0,13.38649042,9383600.0,13.3333333333333,2
2013-11-26,663348.0,18763528.0752,609482679.888355,30093.0,0.250349803143,4015058.0,4968.79792970165,44.0397284165,1.26387225025,330571.0,4028498.09525615,455.0,153552.0,91169.0,28.13438242,12045200.0,7.78333333333333,1
2017-10-19,17750996.0,376178013.951,1196792694100.0,88436.0,0.994041320225,13368296.589,10589733.9776,38.771649651,0.961352843811895,253935.69140686,1911311.86748,2005.53370787,692419.0,356985.0,191.51239568,16633900.0,14.45,2
2018-07-28,26816007.0,437067809.34,5178671069070.0,49205.0,0.759045937931,14770485.99,37327804.5992,79.1485032384,2.97712220237153,63140.85524892,658610.474384,1298.19310345,395734.0,188238.0,16.74880998,17177012.5,10.425,2
2018-01-07,21829648.0,906109684.557,1931136454487.0,41153.0,1.04773831481,43826673.4267,15551564.8427532,122.61171089,0.921736983743,294130.977742,2757179.42461305,2272.75925926,910004.0,368187.0,686.11400249,16788562.5,14.3,3
2016-04-13,6822736.0,16364789.57,166851513283.0,64807.0,0.707264951219512,1760973.81845251,1302194.693,7.87886597430276,1.28066759925,309995.0,3219968.15938,1362.84146341463,355716.0,223506.0,45.74314812,15428375.0,7.53333333333,3
2014-04-21,1530749.0,3319630.72023,6978842649.59,29703.0,0.190698409356725,2803733.6424231,53425.7030714,38.8624803163505,4.61626460889,83726.0,767457.152625,339.824561403509,150856.0,58110.0,12.47640246,12679425.0,7.15,2
2013-10-30,513288.0,1933511.04,390928787.638086,13681.0,0.120845306433,1059460.55,3808.9023861368,18.7594827891,3.52973251209,148878.0,717093.160091758,300.0,78591.0,56476.0,30.03529546,11922125.0,5.68333333333333,3
2014-10-23,2390219.0,6960388.60476,35985640265.1,35074.0,0.265318256214,1465384.48,291583.508501,17.9486848842,2.56698314851676,157319.32834477,729895.512446,626.0,164169.0,81643.0,13.03797728,13413500.0,7.58333333333,3
2013-01-30,104616.0,1042709.7540374999,2968775.33207507,9139.0,0.110290472131,102692.56,21.3989002229506,2.22741107062,1.30174665074,368121.0,2692071.85630503,310.0,34477.0,46104.0,42.31036818,10723975.0,9.26666666666667,2
2018-06-19,25383950.0,233317200.375,5024546460930.0,44163.0,0.908624083871,13329154.5,39122596.1405,70.9968791286,1.89209664399069,106824.89484388,1472734.26131,1237.4516129,413610.0,191805.0,83.80865389,17103575.0,6.73333333333,3
2012-04-02,3772.0,334764.8762155,1626553.48132894,69.0,0.026564411819,32084.04,10.2687643397321,4.25574214087,4.17663985453,153329.0,703032.14748597,41.0,13073.0,7539.0,4.62668219,8708250.0,11.4666666666667,3
2014-10-02,2285468.0,5568420.73926,34661425924.0,29311.0,0.278127440324,1286220.0,242947.064808,17.6926462901,3.25937042086305,126935.8178367,646978.005497,613.0,150641.0,72698.0,11.69504803,13341850.0,7.68333333333,3
2012-11-04,37913.0,190319.7887875,3304356.39299034,3320.0,0.0981711967319,83657.5,26.2816715596705,2.59789764611,4.23810480618,181095.0,2247532.78993214,166.0,22730.0,32202.0,25.83596115,10331000.0,10.75,2
2016-05-16,7248646.0,17875806.6495,194254820283.0,66766.0,0.906763574468085,1636434.02969314,1361560.78853,6.82390581543288,1.1775874499,304479.780671,2688738.83398,1700.77304964539,424856.0,239809.0,60.51568467,15550675.0,8.58333333333,3
2017-03-10,12511003.0,9159399.6732,460769358090.0,65141.0,0.991821346154,2329338.9,3573175.16832514,7.83087200529,0.803847837186,274668.646754,2751691.90466802,1977.44871795,551014.0,308482.0,257.91797636,16208387.5,10.0833333333333,3
2015-06-20,3607698.0,488875.566987,49692386354.9,58344.0,0.408822724077,742685.61,301367.074757,8.14321469688,1.98621265987926,184579.09567714,921198.44574,781.0,228622.0,91203.0,13.16567765,14294975.0,8.28333333333,2
2018-01-21,22421059.0,436195518.928,2227847638500.0,41987.0,1.07749285561497,31881234.2280697,20709671.5723,147.857056460239,1.73912670551,154149.935586,1108525.07147,1153.05882352941,522861.0,215622.0,343.36269629,16817937.5,7.45,2
2015-07-16,3809138.0,2815364.979,51076366303.4819,55296.0,0.66734768947,1007435.76,345306.711928103,8.53411968013,1.68528621765,215038.0,1411380.25805196,1003.0,214161.0,118048.0,24.85055473,14387675.0,8.58333333333333,3
2015-08-10,3968223.0,1851465.45608,52699842409.3,59083.0,0.381361735643,1130128.35,442733.250478,9.66557777341,1.62864176111309,273513.20285104,1195838.48023,589.0,235211.0,116923.0,26.65997778,14480850.0,6.36666666667,2
2019-06-04,39072961.0,189061316.5932,7459680720542.0,86127.0,1.25325847403,17028462.3207,57106701.9552403,44.8260164967,0.770200742445,280734.766656,1741205.06778663,2433.52597403,687738.0,374763.0,217.91296317,17740812.5,9.3625,3
2021-06-06,73759550.0,437701948.95419997,21047730572452.0,50887.0,0.948718753333333,34551597.29480198,156943254.27725816,186.4579870742936,2.227707756523766,43096.6319019,1783108.8224150224,1235.3666666666666,467665.0,185305.0,22.5789259,18728506.25,4.979166666666666,2
2016-09-10,8651037.0,13826608.28,220755908330.0,55303.0,0.646603348387097,1270465.14445106,1700944.53,6.4492580710634,1.26,157018.8,1478034.97,1247.22580645161,355122.0,193320.0,51.15995466,15865037.5,9.36,3
2020-04-30,48193433.0,471328360.4002,15958652328578.0,115334.0,1.26880717777778,16397343.7651328,107096702.874182,49.6286142146446,0.610625953748244,302044.74430637,2022344.59395085,2384.97777777778,687395.0,321972.0,106.67585999,18354337.5,12.85,3
2017-03-17,12639003.0,145734375.199,469886043903.0,56682.0,0.995548701299,2279486.3,3641704.8372,8.08669317514,0.452369029257388,487106.22190253,3122262.97578,1897.37662338,532934.0,292196.0,244.58901754,16221112.5,14.25,3
2012-05-25,7644.0,108596.391819,1591074.96185,335.0,0.104401925619835,31620.9331111791,10.6775233228,1.09041460433736,4.7160573376,143467.0,5219577.84161,239.661157024793,24344.0,28999.0,19.27748871,9084600.0,14.6833333333,2
2017-10-23,17910984.0,633277065.085,1196792694100.0,69986.0,0.972171251461988,13668326.7206145,10173283.765,43.2410619578057,0.569625816508,407836.91191,2994818.33705,1848.51461988304,640545.0,316096.0,185.64433949,16642137.5,8.1,2
2020-09-12,53587633.0,101653161.4472,17345997805929.0,99117.0,1.0605390705882354,11755971.409291402,146586618.74770805,38.67897429168348,1.3736670840782848,82608.73707797992,2593736.732794764,1765.6,604531.0,300152.0,58.11575528999997,18487412.5,10.6,2
2015-07-31,3903592.0,2343295.6875,52278304845.5917,46987.0,0.719474664549,1160777.2,361228.839521953,7.11369511261,2.20415517764,187600.0,1036533.20835018,946.0,275871.0,163175.0,35.53322565,14446150.0,9.43333333333333,3
2020-06-21,50360607.0,57461731.8468,15784744305477.0,78824.0,0.98115845890411,9006615.2058985,114560928.737163,33.7527411675811,1.67730461251187,57418.26893659,475839.887667669,1776.98630136986,475037.0,259440.0,24.97941736,18410837.5,7.325,3
2015-06-28,3654521.0,1783480.4676,49692386354.8938,49823.0,0.446058342927,873579.6,363122.622863501,7.45890589913,1.50460739905,228764.0,825968.950340309,737.0,224321.0,117119.0,17.63474995,14326975.0,8.15,2
2020-08-14,52580626.0,161732026.4091,16947802333947.0,120144.0,1.26469455688623,13709961.9922364,140694130.549579,37.0371344693124,0.597710826171512,194831.86014598,1440043.27138648,2189.69461077844,755913.0,365679.0,106.55290555,18460843.75,10.9,3
2021-03-27,70388097.0,654657557.7619001,21865558044611.0,96019.0,1.2981473333333333,59212965.29536148,172823902.97398886,203.6272281307244,1.583864629110036,67802.90336114001,1234256.2736862684,1812.9496855345913,722993.0,288259.0,66.63131525,18666212.5,9.116666666666667,2
2015-07-12,3751805.0,8667679.21323,51076366303.5,41777.0,0.776860096296296,1187913.99337887,368157.891394,4.63062983222057,1.57677610786,232056.0,1331647.86294,1545.81481481481,232590.0,208685.0,44.36391382,14379075.0,9.75,2
2015-02-27,3029971.0,1809685.33129,46684376316.9,39541.0,0.375608782894737,1068531.12624588,313293.546117,9.14485965377962,2.68235134159,126307.0,711898.996986,667.592105263158,238834.0,101474.0,14.39065266,13885625.0,7.56666666667,3
2014-10-01,2276636.0,5593043.0136,34661425923.9769,33436.0,0.27674057677,1394779.35,249839.180122108,18.6892583411,3.12348681866,118810.0,700946.524121399,521.0,184302.0,74630.0,11.80636226,13338325.0,7.75,3
2016-09-24,8856888.0,6905876.28,225832872179.0,57430.0,0.63,1258908.62,1874777.56,6.15,1.29859697399363,170168.76036091,2031871.05,1260.53,368915.0,210510.0,59.47,15891812.5,9.88,3
2017-10-31,18201731.0,454449998.266,1452839779140.0,55498.0,1.03699717391,12093705.3005,9966505.88669,45.0462384159,0.783182279446348,249278.91610362,1916686.47664,2011.12318841,611388.0,277535.0,231.89499927,16656962.5,15.9,2
2019-07-25,40770164.0,207985687.0299,9013786945892.0,83167.0,1.13333078667,19605754.2098,67211666.9196491,57.4308811583,1.9040161365,103139.460512,1981281.12609714,2243.57333333,568629.0,336536.0,56.16150579,17836125.0,8.875,3
2017-08-01,15695040.0,31819215.357,860221984436.0,37015.0,0.725291630872,5102352.598,6371518.15135964,39.8406904202,0.38372823469,505161.321276,2633798.15211865,885.067114094,301131.0,131875.0,75.94662047,16481662.5,11.75,3
2020-03-06,46389789.0,122314466.7311,15486913440293.0,88006.0,1.07348889677419,18084440.7557398,119328089.641393,52.9639674437683,1.13971864963739,174643.04681735,949234.972177108,2183.11612903226,601698.0,338383.0,26.63263902,18256662.5,8.975,3
2012-06-30,11015.0,156167.13193,1726566.55919,525.0,0.0721435151515151,45449.1543067431,11.8442763084,2.00066709102184,6.9093228361,100010.0,1287322.11079,171.348484848485,25747.0,22618.0,13.94161293,9347050.0,14.0833333333,3
2017-11-25,19107369.0,677327101.077,1347001430560.0,75988.0,1.0478601025641,18139440.136098,10445729.4715,53.8759512074881,0.788769024154,272023.837089,2899917.65325,2158.26282051282,697525.0,336689.0,195.63976527,16701400.0,9.75,2
2012-09-14,23630.0,424699.57510300004,2694047.95295501,4919.0,0.0881509380741,84551.634,21.6953397221204,2.78680402109,3.09117078137,231822.0,18031417.2989622,230.0,26871.0,30340.0,16.00925068,9946350.0,10.3666666666667,2
2016-03-01,6243315.0,30939871.9084,163491654909.0,109587.0,0.89761428125,1405736.85,1040283.42371,5.39383870708,0.593648404713777,646619.76932827,11910037.6759,1233.0,483492.0,260619.0,55.99857717,15267475.0,11.4166666667,3
2021-01-23,65538976.0,1271924926.152,20737086011821.6,100587.0,1.289703470967742,33751644.506897256,159781151.23197326,110.58535137200167,1.6047748131149444,64942.432607790026,1529579.5139759874,1969.090322580645,710703.0,305209.0,75.36109782999999,18608662.5,10.616666666666667,3
2013-01-22,98690.0,930942.435008,3249549.58449,9784.0,0.16623506973,59714.3155,21.6458221266,1.23716650092,0.971363332356902,394755.95827732,2199431.04517,353.0,36782.0,48267.0,45.66376477,10690550.0,11.4833333333,2
2019-09-08,41785785.0,65192692.244,10771996663680.0,52464.0,0.707172129944,23644815.6797,94779757.9723776,81.9251101978,3.219424476,69901.473259,702260.154571735,1629.98305085,436798.0,288507.0,21.74727421,17924062.5,3.36666666666667,3
2012-08-24,19477.0,405426.8496065,2190865.97010286,2427.0,0.103900356147,67352.75,16.9897319430061,1.89774168099,2.75029529502,238920.0,11064106.0212281,198.0,33067.0,35491.0,21.92109799,9774050.0,11.4666666666667,2
2013-05-28,290897.0,1618565.51387,12153411.7098,10359.0,0.150170224054,552544.72494,101.497094666,10.0610849604,2.09829566817651,200434.22241132,771923.007658,249.0,66689.0,54919.0,51.94317506,11209825.0,7.61666666667,2
2013-12-13,853955.0,7165449.73387,908350862.437,20457.0,0.177979242774566,4409921.93220988,9030.87325801,67.0649360090316,4.36749028916,114780.0,685149.223496,347.161849710983,113263.0,60059.0,15.1294396,12122475.0,7.43333333333,2
2013-03-07,134908.0,5310771.9,4367876.0008422,338.0,0.197359352896,159240.9,33.0035006440194,2.45689048662,1.55697065586,237962.0,1659536.98910145,364.0,48391.0,64814.0,55.6880887,10871675.0,9.33333333333333,2
2012-02-22,2108.0,681747.658978,1376302.26789,37918.0,0.0195836352201258,38594.8260184052,11.4939479472,5.14940974228221,6.70532457547,125333.0,810128.36467,45.2452830188679,13080.0,7194.0,3.413929,8407200.0,12.05,3
2018-01-08,21843667.0,1742246003.55,1931136454490.0,50055.0,1.05064833735,41050023.0267,15935554.0981,122.310547621,1.04746477410703,267166.4271006,2520926.89168,2082.36144578,895997.0,345672.0,694.5264055,16790637.5,14.3,3
2015-09-27,4345824.0,16033418.7104,59335351233.9,57125.0,0.524385517986,836290.0,409991.106868,6.38950223479,2.63210837100111,167177.86346634,1369699.08722,874.0,256084.0,130885.0,25.99373327,14663600.0,7.58333333333,3
2014-05-24,1647891.0,11020114.3446,10455720138.5,23965.0,0.192923597402597,2351556.70291129,78483.2567557,38.9375706275775,3.44085198857,109973.0,808996.965601,343.324675324675,159903.0,52872.0,11.23540029,12814775.0,7.35,3
2013-08-03,375222.0,542437.000041,37392766.1365,9966.0,0.125401735294118,457379.853148955,317.85556725,9.80113686943289,4.59023105264,93830.0,501888.051747,269.094117647059,46413.0,45746.0,26.43529564,11500750.0,6.73333333333,2
2016-02-21,6130000.0,45001750.1744,163491654909.0,86305.0,0.840188849206,1386597.3,1024028.99521,6.62568713087,0.919702423331756,352156.27800941,4198706.24107,1399.0,442857.0,209276.0,40.65663231,15236825.0,7.9,2
2017-03-22,12728925.0,12365630.34,475705205061.0,82354.0,0.982302838509,2248010.7,3807236.87525589,7.25852960623,0.61549792262,370726.222676,5240108.86225002,1992.00621118,572753.0,320713.0,269.31219918,16231050.0,13.3,3
2012-07-12,12591.0,748966.056105,1751454.53534,1923.0,0.0713379666666666,78642.5914367299,14.0175096285,2.45950246870148,2.54049762678,317339.0,2448766.94967,162.02,27087.0,24303.0,13.53006867,9445700.0,15.7,3
2020-05-20,49203381.0,228306109.2126,15213703057048.3,94486.0,1.32785014782609,8810740.96343472,86971887.3185643,31.4627744313599,0.518619447063363,176517.37570305,1085395.61863261,2435.10434782609,604523.0,280037.0,192.28599464,18381843.75,16.65,3
2012-09-24,25986.0,311960.865388,2864140.50781,1486.0,0.064660705976,91314.61503,21.2142023382,3.84078296656,2.97465792082346,369204.74882906,2934062.34056,139.0,31768.0,23775.0,17.18850981,10017100.0,13.0583333333,2
2015-02-12,2937837.0,4783505.35051,44455415962.3,41316.0,0.421358243697479,700112.57856552,309384.699958,7.6838344791255,1.48346467896,236945.0,1009747.50518,734.680672268908,256202.0,87427.0,12.55298681,13832850.0,7.75,3
2015-07-19,3826491.0,2590637.8598,51076366303.4819,53833.0,0.482804768615,1011196.84,363079.851512638,8.99321273568,1.99793221527,181888.0,741667.319249315,693.0,216715.0,112440.0,34.33022074,14399175.0,8.01666666666667,2
2015-11-23,4945865.0,13615387.4073,65848255179.7,61302.0,0.552857575,1306072.25,523733.52314,9.15270185987,1.49002083120252,305536.36381915,1278362.90375,1175.0,280821.0,142698.0,25.51151834,14874925.0,7.03333333333,3
2021-02-06,66670038.0,464369301.493,21384451039675.535,119299.0,1.2862396477987417,45346981.332109064,169021265.50315762,133.3268101226602,0.9905940504894003,115157.58511746002,2156848.977352035,2099.9119496855346,795079.0,333886.0,118.30299222999993,18621406.25,11.366666666666667,2
2015-10-08,4449533.0,5776768.1073,60813224039.4403,71113.0,0.583549917293,819523.44,414156.721674529,6.85851067035,1.11020470503,301566.0,2024493.03942354,896.0,211096.0,119490.0,23.5205094,14703900.0,9.01666666666667,2
2012-06-26,10600.0,228544.039315,1726566.55919,936.0,0.0783812146128,53211.39935,13.9041504489,1.73689121785,2.42121259782592,374614.07267228,1327378.71729,156.0,29665.0,30636.0,17.42605631,9325750.0,17.4833333333,2
2014-12-19,2675488.0,4201699.02725,39457671307.1,43358.0,0.37542816595,1152000.9,276564.658629,12.5911370269,2.05879192827575,201151.11277847,755847.598832,418.0,189380.0,91493.0,12.89936506,13625025.0,10.7,2
2015-09-26,4339229.0,5305732.8734,59335351233.8666,67442.0,0.426253826389,842917.0,448335.598877451,7.85892630715,2.35111670492,153969.0,1031722.86317707,1087.0,251247.0,107256.0,20.98693709,14655925.0,7.58333333333333,2
2017-12-05,19746602.0,1369623771.249,1347001430558.0,82967.0,1.05865853371,28080616.4,11918845.1662072,71.5758474159,1.08847802919,224596.150628,3015982.76508624,2279.26404494,891235.0,405709.0,219.679754,16722625.0,13.0,1
2013-05-02,251776.0,24562503.6727,10076292.8834,8913.0,0.196927119402985,409938.7621563,73.631599707,7.22079127309765,0.99856336095,372936.0,912306.813074,413.649253731343,65415.0,55429.0,52.5540039,11109275.0,7.86666666667,1
2021-04-30,72243107.0,579652972.723,23581981443664.0,84762.0,1.3887697586206893,59389761.303177826,169978665.11499172,202.69750646995644,0.7388084415341507,144912.82441732002,2291090.288178675,1995.7862068965517,738101.0,289389.0,143.19592537000008,18695525.0,11.35,2
2016-05-08,7143125.0,922396.0998,178659257772.0,63976.0,0.584654595092,1881265.30804,1447635.57973513,10.138203447,2.59604106162,158286.44614,1623830.8794879,1138.41717791,349946.0,185562.0,34.18113678,15522500.0,6.86666666666667,2
2019-01-23,32594221.0,209940367.5135,5883988430955.0,59887.0,1.02611137671,6683461.5332,42704219.1044576,22.4374361156,1.2401601402,151170.075614,1177961.56777741,2010.23287671,482794.0,293494.0,22.67278096,17497687.5,7.01666666666667,3
2012-09-27,26842.0,323116.947437,2864140.50781,2846.0,0.0791642956617,102750.108,23.3498602917,3.43668834036,3.39733870283323,334772.81756026,2301007.67378,233.0,35047.0,29898.0,57.9866703,10041050.0,13.4833333333,2
2016-09-16,8738021.0,12836700.34,225832872179.0,59508.0,0.774627057553957,1121897.37515543,1571669.81,5.17704805199407,0.96,187558.46,1901247.27,1518.90647482014,377920.0,211128.0,63.99372021,15876800.0,8.09,3
2019-04-14,35463346.0,106569784.6862,6393023717202.0,51106.0,1.19626638525,8025830.56805,38771469.7931489,23.8134010861,1.45811361489,108749.936068,1007059.31402494,2762.54098361,430064.0,337030.0,57.42373876,17645650.0,9.85416666666667,2
2013-05-26,286595.0,2246642.66472,12153411.7098,8961.0,0.133395368098159,548644.813471673,103.913692158,13.3953028339195,4.78672439882,90814.0,504337.019136,249.828220858896,59395.0,40722.0,31.5289397,11198625.0,9.46666666667,2
2017-08-04,15754533.0,22268580.3,860221984436.0,56590.0,0.924147648045,6553817.39554,7654374.1549891,28.6538187643,0.564682690585,416334.921436,2329716.15325997,1317.27374302,467900.0,235792.0,113.47123621,16487187.5,6.6,1
2012-11-23,43761.0,273890.923938,3368767.14053,5098.0,0.0807445137589,100800.5176,27.1288963058,3.45574128698,4.85575127813544,199335.46326773,1143992.61165,236.0,27215.0,29169.0,22.73202401,10459500.0,15.6,2
2015-05-30,3495018.0,862849.440218,48807487244.7,50155.0,0.343095999997,855431.6,356656.302579,8.90731280652,1.9782754527004,190481.62282286,782197.707911,772.0,266265.0,96037.0,13.638817,14220975.0,9.31666666667,3
2013-06-08,305653.0,7339966.95,15605632.6812859,8782.0,0.124418801176,414659.06495,130.327714999051,8.9681221738,1.83084892033,230003.0,399038.355749357,279.0,47541.0,46237.0,36.50155661,11265275.0,6.7,3
2014-10-11,2331810.0,3761063.58338,35002482026.1,29753.0,0.267446169982,1353884.13,257517.457245,21.1723036625,2.8630949001539,159363.41821938,462113.008886,536.0,206084.0,63946.0,11.06974068,13375725.0,8.15,2
2014-08-24,2081034.0,2916764.29378,23844670038.8,21318.0,0.273807127084,1694749.56,158833.546899,25.5191091837,7.85730796093537,58670.45101744,837227.984516,371.0,148320.0,66411.0,14.33068278,13186125.0,6.96666666667,2
2020-07-14,51264652.0,78223034.3433,17345948872516.0,124185.0,1.2590924375,9003009.80517444,124167138.542574,24.6135187073322,0.722884167598811,135077.87873092,910587.514779727,2498.9375,734433.0,359847.0,62.95443097,18433018.75,11.975,2
2015-07-17,3809138.0,2954144.36787,51076366303.5,49649.0,0.593763267994,1124555.52,406243.190504,9.3233583989,1.76792687327658,246140.0389528,947779.373421,748.0,205768.0,120617.0,44.79302014,14397400.0,8.43333333333,3
2015-06-09,3545295.0,1320103.41759,47589591153.6,65262.0,0.41961742384106,954812.701541047,373779.242434,7.274264633595,1.74987740947,226873.0,1303509.80233,805.549668874172,267864.0,121638.0,17.7172119,14258425.0,6.7,2
2020-06-08,49888402.0,129391452.868,13732352106018.0,103306.0,1.15165127777778,10379765.6243221,110587505.985945,32.1651728973546,0.702782220546985,151974.17289403,983934.73421203,1958.48765432099,625333.0,317275.0,41.72247948,18398537.5,7.675,2
2016-06-20,7681746.0,36207387.18,196061423939.0,62199.0,0.78,3057429.0,1598387.66,12.46,1.42218340245483,316430.82436606,2647568.48,1520.32,465872.0,249334.0,76.77,15681900.0,6.0,3
2015-12-05,5085312.0,58053909.7428,72722780642.5,95443.0,0.572171406977,1688873.2,621791.873841,9.39426734232,0.980041851769912,616725.60215759,5637565.63396,1206.0,393380.0,179777.0,30.07728753,14922525.0,8.93333333333,3
2021-01-30,66122422.0,2130003472.9692001,20823531150112.0,93976.0,1.3017438382352942,33651946.62402073,140779495.34337604,107.75070722006683,0.9849632366100156,100245.93886341002,1957192.8866911277,2296.419117647059,756022.0,312313.0,138.4634188,18614812.5,15.783333333333333,2
2018-07-03,25848783.0,406984481.0588,5363678461481.0,48651.0,1.11381700862,9617154.0,30929068.6931155,45.2242408773,1.12360176224,131532.598772,1062622.82959388,1868.50862069,456149.0,216747.0,27.90259772,17128700.0,17.475,3
2014-04-25,1546871.0,3993448.305,6978842649.59238,21647.0,0.177580270874,2068904.8,56894.9045694954,35.4040214248,5.63119502151,79202.0,557906.38545585,362.0,154706.0,58437.0,10.52495082,12696025.0,8.0,3
2020-12-14,61690250.0,197236995.26399997,18670168558400.0,115865.0,1.1715791172413796,18516458.628991954,134574371.39496115,58.90395619211692,0.6893949053165637,140039.58424129002,2076030.4815688357,2167.9310344827586,696656.0,314350.0,59.2358478,18571100.0,13.616666666666667,2
2021-01-05,63953197.0,1432013252.8444002,18599593048299.0,126610.0,1.2927130828025464,35314776.48318403,145160753.31287554,99.73361786428922,0.521219939700953,209211.2070226302,2209914.2060158076,2255.356687898089,845343.0,354091.0,113.36586749000003,18591756.25,13.65,2
2013-06-06,303259.0,7662141.61041,15605632.6813,11574.0,0.154354865507,448349.21565,124.897393541,8.25218044303,2.33763134404579,210361.8794805,716027.769499,232.0,60504.0,54331.0,40.4846895,11256900.0,8.23333333333,3
2021-01-29,66028048.0,1030518859.4481,20823531150112.0,123827.0,1.313147296052631,39455373.63302356,157341788.913185,115.69269412327016,0.47600574007937024,234227.37633318998,2493283.100595151,2243.657894736842,888960.0,341036.0,167.42570566999993,18614156.25,11.15,2
2015-04-08,3224922.0,1525083.357,49446390688.2414,54627.0,0.391029377917,879723.18,292501.216185614,7.46654427866,1.72758200287,207863.0,921436.637599782,717.0,203465.0,117822.0,16.98327802,14035500.0,9.8,3
2013-12-24,934240.0,3671203.11505,1180923195.26,23885.0,0.166475789492,2837597.84,10097.0897971,49.715259036,1.68298418733283,311308.44873196,1097540.47618,291.0,120437.0,57077.0,12.45799785,12165875.0,8.05,1
2017-11-26,19152189.0,808031942.176,1347001430558.0,70565.0,1.04222337255,18860738.1297,10244850.0585939,59.2436180881,0.862340505802,243954.918399,2050315.30767253,2154.75163399,712606.0,329677.0,191.22207725,16703000.0,15.375,1
2014-11-21,2534878.0,5841267.1374,40300030327.8914,36842.0,0.260187643993,1425167.8,248412.346336535,18.3108207421,3.40813595421,116222.0,1319260.31279388,633.0,166491.0,77832.0,11.58254175,13529075.0,8.26666666666667,2
2020-05-11,48785147.0,536864808.2512,16104807485529.0,98717.0,1.28364698089172,17168436.3390022,125690168.622911,55.6794889441733,1.01112587431447,191871.68197665,1165274.92614542,1948.01910828025,645065.0,305839.0,88.60442418,18375031.25,7.38333333333333,3
2012-04-23,5139.0,187804.104168,1577913.48567673,123.0,0.0255127573401,32006.0,11.6088987141324,4.32805949966,3.94823933162,155892.0,784560.599786367,48.0,12541.0,7395.0,5.43974157,8852600.0,9.21666666666667,3
2014-05-20,1634540.0,5867533.83487,8853416309.13,28405.0,0.238531760955,2208604.81,78338.8167129,31.0546233127,3.41614986945691,159248.8608272,880729.109761,389.0,145579.0,71120.0,13.27575617,12792500.0,6.83333333333,2
2015-10-25,4627736.0,34299506.0256,60883825480.1,62034.0,0.527245761290322,1623113.25054467,469115.464008,9.72454002207594,1.24511365697,313144.0,1349019.65013,848.309677419355,278147.0,131488.0,24.82972719,14760675.0,8.36666666667,3
2019-06-07,39193769.0,155472100.7461,7459680720542.0,74844.0,1.1877808038,16904713.8524,58589992.9151166,47.086765491,1.53552459037,138819.193944,1454553.10102943,2215.25949367,619327.0,350011.0,106.492469,17746712.5,8.2875,3
2016-04-11,6797060.0,741403.575,166851513282.777,68242.0,0.749972509934,1607456.49,1252429.29072319,7.39475241285,1.44539249318,264357.0,2571238.48109368,1347.0,414497.0,217378.0,46.95261581,15420475.0,8.28333333333333,2
2020-12-19,62245572.0,465956413.34580004,18670168558400.0,113446.0,1.2656244746835446,25884376.309846204,146639659.8648542,75.34691068722405,0.9348260530579385,118538.22597463,1665126.0493699387,2174.278481012658,756109.0,343536.0,119.96753977000009,18575718.75,14.104166666666668,2
2021-05-29,73463038.0,694420431.1602,25046487590083.0,54218.0,1.3227263965517242,27237217.139367037,144427847.55987102,137.3314298215469,0.7706679624832669,100953.13751616,2039125.5009289046,1709.7586206896551,537305.0,198332.0,47.41632429,18721431.25,13.470833333333333,3
2017-09-07,16699899.0,222544560.603,922724699725.0001,58979.0,0.810041318182,11050159.279,8072925.27664,44.6147384071,0.910552295378743,272879.7523282,2233112.27532,1456.67045455,526960.0,256374.0,257.33579475,16551075.0,7.9,3
2017-03-15,12599825.0,48633668.4881,460769358090.00006,75491.0,0.983983570422535,2585616.41375917,3252505.60194,8.60191896415393,0.788573538836,255049.772858,2274799.15523,2059.39436619718,526478.0,292434.0,236.25501962,16217725.0,15.9,3
2019-10-26,42925721.0,333681035.1369,13691480038694.0,77961.0,1.22502357857,16769057.917,95285003.0093039,54.8506745247,1.33472646507,133866.298269,1004810.11591243,2183.72857143,541095.0,305722.0,47.8563533,18014500.0,12.1083333333333,2
2014-03-13,1383969.0,5350789.63545,4250217919.87,86.0,0.256820777777778,4140207.61988635,29367.8475506,41.4713333255171,1.5772907903,221202.0,689820.957108,449.413580246914,139218.0,72805.0,14.65089124,12513675.0,13.5666666667,2
2017-08-22,16236142.0,289961249.8068,923233068448.0,40218.0,0.998175235955,5749751.91502,4084580.66395509,30.0873175739,0.669969225431,215933.014562,1843217.52772625,2205.42696629,419158.0,196283.0,334.18474511,16520475.0,28.95,2
2015-09-01,4159985.0,14592340.4792,54256630327.9,74351.0,0.451843727272727,996219.655070932,409960.981865,7.15500276563865,1.03795961131,368800.0,1568804.78555,846.818181818182,272866.0,130410.0,25.26556984,14562700.0,7.23333333333,3
2021-01-10,64407604.0,711474842.7384001,20607418304386.0,105396.0,1.282691371069182,43171347.77742759,162879650.9247733,130.08707690605394,1.0091018077505713,108186.5548879601,1802561.284377868,2087.2012578616354,768365.0,331865.0,91.95258523,18596806.25,13.4,3
2020-11-26,59901855.0,357330319.00200003,17596801059571.0,114006.0,1.2968146333333335,18340061.78604947,131211258.79353401,55.95337575905798,0.515122648305894,205207.80888847006,2284232.039295348,2159.8333333333335,736612.0,323975.0,103.83357396999995,18555062.5,12.508333333333333,3
2018-01-14,22139819.0,804914641.612,2227847638500.0,39943.0,1.05065776774,32575141.38,17165770.5546,143.14838012,1.25689648908977,193346.28656227,1269172.79927,1516.41935484,592042.0,235045.0,491.32446483,16802512.5,9.68333333333,2
2017-04-15,13143766.0,10502646.7896,520808749422.0,59686.0,0.991744397351,2416965.0,3909321.04724491,9.20635177223,0.902678556808,231541.159316,1610347.3036073,1801.16556291,520821.0,271976.0,202.57239533,16275762.5,16.1,2
2018-03-20,23745026.0,1353859594.1104,3462542391191.0,45750.0,0.793882708661,14275767.4275,21859737.3155061,74.5449184568,1.40313943516,115375.495759,1115427.34148066,1536.75590551,423962.0,195168.0,31.3790795,16929662.5,9.31666666666667,2
2018-12-03,31206534.0,314509624.5,6194015746026.25,49309.0,1.10102824561,5777217.66638,35101305.9820655,24.006522557,0.455677463799,319552.043684,1487029.07296055,2110.98245614,426799.0,240652.0,31.12664818,17404962.5,10.1375,3
2013-01-12,90370.0,478776.7983875,3249549.58448721,6724.0,0.152278650002,44161.158,19.2227823363455,0.942869056515,1.84370741452,167326.0,980520.665497366,407.0,40823.0,46837.0,35.86482633,10656000.0,11.2833333333333,3
2017-08-26,16337365.0,139377309.636,888171856257.0,53786.0,0.998218152381,7319121.60202,4635882.55746,33.4580977132,1.08882308407516,159815.1929658,1402892.59232,2157.0,472785.0,226485.0,425.31312205,16526000.0,17.1166666667,3
2018-02-28,23351033.0,871257587.96,3007383866430.0,41246.0,1.0542164,20144045.5125,23172168.7464,108.994016046,1.01008098534972,202928.40020459,1383087.97304,1220.79354839,469401.0,189223.0,51.29908837,16890950.0,10.625,2
2012-08-08,16475.0,915898.372534,2036671.08869,1073.0,0.0993682831325301,104668.050076117,16.0977115656,2.43646383938447,3.31761619666,240172.0,1601461.74506,241.975903614458,39343.0,40168.0,52.57535312,9654250.0,9.7,3
2013-05-03,253614.0,24112587.636,10076292.8834187,8913.0,0.14923261048,435864.26268,73.6315997069738,9.0149592066,2.27738175917,170898.0,797019.863329705,399.0,56115.0,48349.0,42.74796187,11109450.0,8.8,1
2016-11-16,9891997.0,4100191.1224,254620187304.0,95492.0,0.79,1590935.5,2177044.96421293,5.66,0.6,365762.72,1956468.28854545,1692.94,494246.0,291186.0,79.74,15990962.5,10.0,2
2016-10-12,9157725.0,14634705.6,258522748404.0,51374.0,0.86,1156671.17,1863429.15,5.08,0.620806359170592,313358.35034925,2714191.17,1625.26,413349.0,235664.0,69.03,15926212.5,10.96,2
2017-12-01,19479107.0,1589331512.94,1347001430560.0,98564.0,1.06808466666667,25856448.1705625,12253644.1877,62.6203613651528,1.02943900944,246207.097492,2319117.91463,2256.32786885246,869274.0,412908.0,247.0519056,16713925.0,17.1,3
2014-09-18,2218905.0,13959017.8116,29829733124.0,29401.0,0.236702960893855,2423050.76220762,240220.740405,29.1389665348761,2.08991068804,194315.0,741891.735082,432.201117318436,149539.0,77364.0,12.34660263,13283250.0,5.95,2
2014-01-25,1130663.0,12279425.849,2193847870.17428,15602.0,0.156734013557,3316174.47,16903.7992186766,64.2296042998,6.22372437939,64447.0,463780.273670827,336.0,107992.0,51630.0,11.32315585,12314800.0,9.45,3
2018-04-18,24233739.0,464196480.757,3839316899030.0,45773.0,0.674461025,16302064.2693652,30536556.5191,81.2098449206197,1.97459882963,102568.579806,1115698.07749,1254.625,451616.0,200740.0,25.31797642,16984912.5,12.0,2
2020-06-25,50528385.0,178365905.779,15784744305477.0,110202.0,1.25375966666667,8504016.54820617,110637609.259863,27.2404857029568,0.46989798767686,195917.99431231,1187885.16995811,2214.06382978723,631260.0,312183.0,40.08334016,18414568.75,10.7583333333333,3
2016-07-23,8045809.0,22033362.32,213492501107.0,48765.0,0.82,1073869.3,1390272.84,5.67,0.978336683470977,176274.33123307,1834612.75,1494.62,338444.0,195796.0,60.03,15775237.5,10.51,2
2015-07-23,3853422.0,3887226.08315,51076366303.5,56045.0,0.350819496881,1213267.9,426555.350029,11.0445681462,1.95237144568019,206320.94878373,1221682.85841,914.0,208474.0,109852.0,23.81935542,14419675.0,7.38333333333,3
2012-09-15,23842.0,377179.016987,2694047.95296,4919.0,0.0789406840007,90092.86,20.0882775205,3.29395122665,3.52368573574863,244552.43705464,11469649.9516,183.0,24913.0,27351.0,14.37584654,9943050.0,13.05,3
2013-02-08,111151.0,1206092.751,3275464.58656562,15046.0,0.158512571279,81551.59677,24.749282619593,1.60386250457,1.93098542818,178199.0,2189719.72664772,328.0,39368.0,50847.0,41.81383069,10759400.0,11.55,2
2015-07-04,3696670.0,2343369.94,49402014931.2275,54507.0,0.362671220714,986961.56,380647.059784137,9.70330102051,1.65608777591,219976.0,931803.512532157,1374.0,241519.0,101714.0,18.13805799,14349225.0,7.33333333333333,2
2014-04-11,1493700.0,5630343.87206,6119726089.13,21339.0,0.179252398014,1703744.82,48674.117432,32.8230261814,2.497570354824,189792.19330236,455422.910494,386.0,124543.0,51907.0,9.91757697,12632500.0,9.01666666667,3
2019-04-20,35778340.0,186470171.4552,6393023717202.0,52653.0,1.24055648092,9275897.46327,41631660.1877254,28.3288870597,2.48057576191,70398.2656338,1080058.02858003,2441.52671756,456520.0,319840.0,58.09103814,17656300.0,11.5333333333333,2
2014-01-30,1163953.0,6958858.42833,2193847870.17,19965.0,0.174558835227273,4021343.5262158,20066.4455241,59.7232193161719,7.08717075712,65104.0,455912.566543,345.448863636364,132531.0,60799.0,13.29500605,12330150.0,8.45,3
2016-08-30,8504950.0,1333109.475,220755908330.0,60064.0,0.78,1194622.05,1810682.89469399,4.84,0.8,264413.93,1814694.81156353,1542.33,419511.0,254486.0,68.3,15844600.0,7.98333333333333,2
2018-01-29,22639297.0,611119735.311,2603077300220.0,45654.0,1.01817389189,21651636.805,19151151.8202,96.3823516548,1.24221595576606,160557.7064546,1941048.8527,1568.75675676,532631.0,232176.0,145.75112922,16834137.5,11.95,3
2015-12-04,5073123.0,4409145.9954,72722780642.5472,74964.0,0.623240821429,1598511.04,527800.078957785,7.98405218442,0.82259079012,514472.0,2679265.33762394,1078.0,426997.0,200213.0,32.71329254,14921600.0,8.93333333333333,2
2015-11-21,4921707.0,14198539.9096,65848255179.7,70200.0,0.468868218390805,1519596.75177502,582653.544493,9.46105463823665,1.42460690934,314122.0,1611089.44016,868.01724137931,334688.0,151035.0,23.84630843,14865275.0,7.525,2
2015-03-22,3138102.0,2600779.00588,47427554950.6,40201.0,0.39325928688,1015589.19,358360.75476,9.55129493088,3.53760580230205,106400.95569525,777604.434574,600.0,229566.0,106330.0,17.375943,13967750.0,7.78333333333,3
2014-01-20,1094815.0,6338548.32152,1789546951.05,17772.0,0.204550111017,3550168.96,15300.9241697,49.638133695,4.95732758644797,116833.86104165,615535.644633,322.0,136930.0,71521.0,16.50972485,12292825.0,6.58333333333,3
2012-11-02,37402.0,173907.599918,3304356.39299,4620.0,0.0774364137983,76008.9549,23.4892439565,3.00858751187,3.1167232085536,320450.10600075,1583479.70535,215.0,26548.0,25264.0,20.58374693,10315350.0,16.3666666667,2
2015-11-18,4884841.0,25422981.2093,65848255179.7,70194.0,0.598407764705883,1644297.3427566,458266.832747,8.43177518694544,0.793721369265,444488.0,2009885.64119,1080.18954248366,328378.0,165269.0,27.37508755,14853350.0,8.18333333333,3
2020-05-16,49038987.0,303595865.3108,16104807485529.0,89601.0,1.26268635714286,8429266.32745205,100872364.627304,28.4239561884037,0.932336197073013,96130.75316348,588481.035675438,2353.61111111111,589910.0,296555.0,108.31654619,18378975.0,13.2916666666667,2
2012-08-27,19855.0,1163719.2389415,2440642.60691596,3643.0,0.0814063517253,85617.0061,18.0774253068439,2.77634756145,3.30233574405,227808.0,6317082.62540718,204.0,32138.0,30838.0,23.62564327,9797900.0,11.1833333333333,2
2016-12-13,10609307.0,2197479.4344,286765766820.0,103040.0,0.81,1739710.08,2537426.23887221,6.2,0.9,256895.58,1566232.61036764,1639.08,498359.0,291757.0,97.65,16042125.0,8.7,3
2014-03-19,1403048.0,6173088.60368,4250217919.87,9182.0,0.222877025,2778419.64596144,35283.6729565,35.5382976165749,3.01531107391,138891.0,775632.172294,461.275,141026.0,73804.0,13.48145116,12538125.0,8.11666666667,2
2021-06-15,74063489.0,773480687.154,19932791027263.0,75832.0,1.294162251908396,34465050.9411636,129803238.5531561,142.4994147099516,0.8447231427227226,101585.65241742002,1403796.12825071,1846.2671755725191,677276.0,241861.0,38.74243654999998,18735756.25,10.216666666666667,2
2014-01-26,1136756.0,11258300.0426,2193847870.17,15602.0,0.184722071109,3136749.0,17558.1398336,51.6371283706,5.57754121124099,97982.72188318,789929.913619,288.0,145032.0,60746.0,12.91506741,12318825.0,8.05,2
2017-09-29,17226168.0,289284083.41,1103400932960.0,64970.0,0.83281401183432,9243216.05366442,9269710.48294,36.3279700896266,1.28072910904,173950.30274,1960682.74713,1505.55029585799,569237.0,254438.0,115.33216245,16595012.5,11.325,3
2014-08-12,2017054.0,13355520.1831,19729645940.6,32495.0,0.276210936771,2165901.18,153980.265046,28.874447481,4.40294856824502,120688.85874127,717606.614441,388.0,173743.0,75011.0,12.599707,13136325.0,6.4,3
2016-07-29,8113706.0,16612345.86,213492501107.0,58742.0,0.82,1216861.96,1560077.15,5.43,0.839491038327294,236799.97310573,2139879.12,1574.24,358526.0,231414.0,72.26,15783687.5,10.3,3
2014-11-11,2488094.0,13701896.4048,39603666252.4,43877.0,0.385816310077519,1312768.2932778,265775.705243,14.8799452901456,1.61151342047,210237.0,987906.621628,663.705426356589,179505.0,85618.0,13.37416163,13492950.0,8.48333333333,3
2015-11-05,4750692.0,144544320.094,62253982449.8,81843.0,0.768430583893,1504000.0,461104.675711,7.9439696608,0.51304624786855,749873.20607039,3874950.61169,1077.0,358734.0,189326.0,35.65030072,14804800.0,9.88333333333,3
2017-06-21,14727682.0,208033200.754,711697198173.0,63345.0,0.983057978571,5729387.77125,4953012.34622,21.0926624674,0.724663558675388,308939.23686691,3625571.8708,2001.45,585195.0,280203.0,462.70370719,16404012.5,15.3,2
2015-08-29,4140784.0,10728935.6024,54256630327.9,59892.0,0.35104725,1104913.11274019,445023.434261,9.75675178584843,1.92478891463,215504.0,1154973.29573,671.80625,250584.0,107489.0,21.35923021,14550750.0,7.81666666667,2
2015-07-14,3797826.0,2047775.77478,51076366303.5,57442.0,0.664601344567,1128304.1,391009.07086,9.22269167893,1.5832292283178,238746.23389414,1268311.65075,780.0,230438.0,122340.0,28.01849933,14386400.0,9.28333333333,3
2014-01-15,1063202.0,6073510.13809,1789546951.05,18301.0,0.162223956521739,4217005.9545048,17791.7722903,64.3788216494634,5.0092205861,100075.0,599816.188801,334.847826086957,110024.0,61612.0,16.85023545,12271450.0,7.43333333333,2
2017-10-11,17497046.0,296445764.423,1123863285130.0,72162.0,1.01609507194245,9171956.33224448,7765589.02337,30.9231345804841,1.08491683044,173808.059652,1778444.1617,2104.02158273381,604454.0,292459.0,148.17289183,16617750.0,10.4333333333,2
2014-12-30,2723272.0,2170830.914,39457671307.1387,38382.0,0.274030070151,1233733.8,286371.916026734,14.7279844332,2.29927203813,169054.0,1096888.92261216,558.0,157377.0,83768.0,12.44896755,13670575.0,7.9,2
2020-12-06,60858512.0,114151706.81100002,19157154724710.0,114431.0,1.3485796470588238,17217876.55490936,129513796.43145394,66.57493718645354,1.7175788574157453,52342.98136957,1332342.137409278,1901.6470588235295,582059.0,258624.0,48.406415850000016,18564062.5,12.066666666666666,2
2013-05-16,274062.0,9881054.59942,11187257.4614,7713.0,0.172505307642,512027.37,89.5355751561,8.40822664871,1.62805941200508,232016.6334199,751659.735726,325.0,64560.0,60896.0,88.4985171,11166175.0,7.88333333333,3
2015-10-29,4665697.0,9523730.4594,62253982449.7608,69482.0,0.598327013514,1158573.88,458010.013458184,6.99528975619,0.777191552607,480319.0,2350028.92719124,1126.0,297971.0,165622.0,33.48909435,14777750.0,7.61666666666667,2
2015-03-26,3157241.0,1762548.20045,46717549644.7,42076.0,0.368037412162162,1128027.22590663,399442.822155,10.4859607335034,1.89742061104,227414.0,1081116.6675,683.655405405405,202290.0,101181.0,14.52750048,13988325.0,7.61666666667,2
2021-03-15,69641502.0,461229239.306,21448277761060.0,91847.0,1.3563101891891882,59673362.68696073,157797551.24783528,204.19928990066327,0.8073564760784362,129272.84107778994,1304712.9631716223,1974.5337837837837,782966.0,292231.0,112.98540384,18655000.0,10.033333333333333,3
2014-03-29,1443948.0,17766055.776,5006860589.2054,20368.0,0.20956594352,1677089.7,42560.5986707397,30.3090325845,3.87669072541,96345.0,401778.387697596,326.0,127427.0,55333.0,10.75046791,12581625.0,7.25,3
2017-07-01,14992878.0,96748666.5112,708707940676.0,52713.0,0.882732609756098,5723792.55869157,6622798.79067,25.5956094099541,1.35099761161,188590.976109,1799632.14846,1352.78048780488,409305.0,221856.0,255.27403629,16420787.5,11.8833333333,3
2017-08-09,15868134.0,199170113.976,888074709978.0001,61912.0,0.954165920289855,6474128.57297675,6333394.73737,24.520613620437,0.78324010188,240405.452755,2423175.59804,1890.97826086957,532314.0,260955.0,157.95191308,16498262.5,12.05,3
2020-05-12,48827911.0,524377414.035,16104807485529.0,106668.0,1.27995578767123,8950520.33366681,116883851.076083,25.9273795567018,0.470427809083305,217639.52113417,1205576.90515208,2364.48630136986,686850.0,345215.0,109.81191323,18375906.25,11.375,2
2021-05-20,73118150.0,3192479060.6673994,25046487590083.0,62796.0,1.3041271875000002,33135536.43756745,139447576.95435822,145.30644511494722,0.2747760159577395,302706.7627693601,2852078.7103717336,2036.0625,694786.0,228039.0,132.47635443,18714756.25,11.45,1
2015-07-27,3878394.0,3886676.36882,52278304845.6,59356.0,0.532104939597316,1306713.90985256,369025.145411,9.93004065484652,1.19376881494,299639.0,1265076.76544,773.328859060403,240969.0,115226.0,31.33315906,14434375.0,8.41666666667,3
2015-10-21,4593770.0,17489825.2984,60883825480.1,73478.0,0.643368337931,983560.5,438849.950201,6.10789537418,1.21001072943306,345602.7630727,1461543.98073,829.0,289412.0,161031.0,30.92973723,14747775.0,9.61666666667,2
2017-12-20,20979889.0,1981230494.7758,1873105475221.0,54677.0,1.07280013971,40786861.3917,12663310.6376441,113.03450863,0.812362940849,321480.906064,2227875.17809013,2722.625,853863.0,370277.0,911.59174277,16752787.5,11.25,3
2019-03-21,34377269.0,147543802.276,6068891541677.0,68429.0,1.03964635664,7388901.05849,43141131.5892332,24.324238836,1.13588656485,162727.433992,1470280.03096176,2102.88111888,535702.0,300712.0,35.53040752,17602087.5,8.18333333333333,3
2014-09-09,2175346.0,6346407.79646,27428630902.3,34848.0,0.352552794520548,1995752.89548181,212703.603485,21.7000423560054,3.17417967082,123307.0,506624.706563,560.356164383562,164564.0,81812.0,14.11448904,13247275.0,8.6,3
2014-05-11,1603225.0,2146397.56703,8853416309.13,30998.0,0.240071636856,1738185.5,69096.5967636,24.8085393355,7.98626090283827,57738.57654414,535630.484164,303.0,130988.0,70064.0,12.74240695,12755750.0,7.85,3
2018-02-13,23038728.0,188454378.603,2874674234420.0,39126.0,1.03295615854,17728596.585,23435736.3316,99.5442238683,1.44339482946616,146929.34577495,1315762.89939,1115.75609756,414750.0,182984.0,68.57325292,16863325.0,10.2,2
2020-04-03,47246268.0,279129046.5117,13912524048946.0,88719.0,1.14850231818182,11436511.5514712,91290582.4646392,41.0259308138856,1.14821211341769,146105.13705116,976482.735766035,2111.84090909091,548300.0,278763.0,25.82618528,18303337.5,11.25,3
2014-08-23,2075606.0,7882218.512,23844670038.8033,21318.0,0.196922604631,2098161.0,186096.021366779,38.132435527,6.96096759381,59015.0,704590.959989202,407.0,128246.0,55023.0,8.65681711,13182775.0,7.05,3
2016-05-19,7286044.0,26518499.388,194254820283.0,71839.0,0.955482475,1415299.1043766,1168431.59867,6.37659991519156,0.844816910611,364610.092047,2544456.42695,1826.20833333333,372460.0,219145.0,54.98968957,15561800.0,9.96666666667,3
2013-08-08,381557.0,1338741.04314,37392766.1365,8681.0,0.107874237574,536563.5,386.631333263,10.0780131853,2.82895716760448,186468.23288162,640799.004245,327.0,57904.0,53241.0,45.849913,11523225.0,6.35,2
2012-10-25,35384.0,1097740.37495,3072321.73202,4314.0,0.0927716923076923,97484.7817129824,24.5888766117,3.17271306753181,3.39513103217,237576.0,929136.850598,188.797202797203,29737.0,26998.0,16.66946671,10254550.0,13.2,2
2012-06-16,9541.0,534519.0601095001,1583177.84744401,333.0,0.100270359063,53376.13826,12.5920316268957,1.32479866617,5.08423011743,160772.0,3900349.19610105,181.0,30521.0,40290.0,24.4001962,9250600.0,23.7833333333333,2
2016-10-17,9245471.0,824156.2854,258522748404.0,66966.0,0.92,1001040.49,1606404.44106947,4.4,0.64,254761.97,1887070.93736659,1897.85,435282.0,237232.0,72.44,15933212.5,11.2666666666667,3
2013-07-26,365395.0,2101653.41,31256960.7277689,10280.0,0.0957575711337,395575.15455,276.574966313265,10.9921681315,2.85093119492,145742.0,781326.007456468,247.0,51523.0,35987.0,30.69502419,11468700.0,7.01666666666667,2
2014-03-04,1345391.0,10069481.6693,3815723798.81,26827.0,0.357354906040268,3372548.86635277,30538.5860783,33.87385615348,3.17895617856,127054.0,695394.899393,567.785234899329,180104.0,84600.0,17.38424603,12476750.0,10.85,2
2018-06-23,25487339.0,558291379.517,5077499034880.0,35163.0,0.53442266875,13084984.3584379,40384615.3709,77.2645560364319,2.87172057555,70756.8139477,1430821.49474,1020.59375,368136.0,163295.0,31.93798474,17111525.0,8.25,2
2015-04-02,3193831.0,1535267.8948,46717549644.7064,48060.0,0.346507678758,963883.71,341384.272423273,9.28955001928,2.39986468582,157884.0,787470.615147891,907.0,195509.0,103760.0,14.6205005,14014125.0,7.16666666666667,2
2020-07-27,51838178.0,169823595.5504,17309155182109.1,127675.0,1.28513553020134,11099308.3016979,128205972.903398,33.5519128856381,0.440276840391705,241064.03097767,1239333.7545504,2193.08053691275,690892.0,326769.0,121.12370183,18444206.25,8.15,1
2012-06-12,9160.0,354203.393366,1583177.84744,315.0,0.0588841538461539,50849.5310419212,12.7494320222,2.53892206121036,3.07529999997,264527.0,1760143.06731,116.942307692308,17736.0,18243.0,11.26003378,9207250.0,12.3,3
2018-04-16,24198982.0,529840058.865,3839316899029.0,46236.0,0.967547255319,14177203.375,26910340.4324498,73.3489822276,1.65277563526,108195.606992,1361857.99660289,1390.82269504,433711.0,196106.0,25.73063079,16981675.0,8.45,3
2016-12-07,10456219.0,5132222.0709,286765766820.0,110675.0,0.88,1686375.17,2494660.6281047,5.64,0.77,294814.12,1547890.89333642,1779.2,539249.0,311361.0,107.75,16030312.5,9.06666666666667,2
2018-05-09,24648017.0,488309747.671,4022059196160.0,44289.0,0.7329255875,19367520.3701015,31990023.5372,89.221231429526,1.56400033367,129829.228691,1062097.00009,1291.11875,459142.0,206579.0,30.52956993,17023600.0,13.6083333333,3
2018-08-03,27083505.0,473049731.69,5949437371610.0,57926.0,0.834025710843,15674653.75,49094190.5573,68.955403575,1.67941090472202,125025.88092394,982848.127572,1384.69277108,537623.0,229859.0,23.21487948,17188512.5,12.95,3
2016-05-05,7102517.0,1482396.1684,178659257772.0,74420.0,0.706327083333,1769132.6279,1385467.1806054,7.70595273063,1.37004399849,287908.009572,2161621.79433203,1481.16129032,374537.0,229580.0,44.25636722,15510550.0,7.33333333333333,2
2016-06-08,7549230.0,28300189.1564,196422606560.0,68956.0,0.802240027778,2112419.15447,1403462.33971,9.18710735071,1.18650653329097,312188.67860904,2004179.70546,1596.75694444,393284.0,229933.0,50.40981971,15635575.0,9.93333333333,3
2014-10-09,2321603.0,11248182.1326,35002482026.1,32742.0,0.300559547297297,1540765.37320104,276657.268257,16.1277581326324,2.16082326538,184559.0,919976.990281,559.385135135135,164414.0,82789.0,13.90439876,13368450.0,8.83333333333,2
2018-06-29,25700598.0,414797814.076,5077499034880.0,43869.0,0.746513298013246,11427014.5125669,38112980.7563,57.5514573568108,1.73703300419,110240.313894,1080974.50222,1310.4701986755,453050.0,197881.0,27.41063627,17122812.5,11.1,2
2014-05-05,1582868.0,3589800.16927,8000872135.97,32728.0,0.214856727149,2007489.45,73976.9450741,26.1609863688,4.37497842574709,80913.85311907,661019.796764,311.0,144937.0,76736.0,15.21115475,12731250.0,8.36666666667,2
2013-08-06,379063.0,931663.625241,37392766.1365,10681.0,0.125927331578947,511368.159725712,327.149589684,9.40550975235359,3.00319361908,147510.0,805001.560942,286.152631578947,64048.0,54369.0,41.6806571,11512075.0,6.21666666667,2
2013-06-02,297719.0,818734.065,12153411.7097758,9689.0,0.116384501663,632880.10548,123.246472094622,12.1595470619,2.92612962367,180238.0,431875.338581348,285.0,51180.0,52048.0,49.50440017,11232250.0,6.9,3
2018-06-21,25429966.0,302034265.9362,5077499034879.0,45341.0,0.616743429412,14388442.37,42908653.8315633,74.718256586,2.05722004763,106868.49589,924429.022615271,1165.37058824,421061.0,198113.0,73.52012206,17106537.5,9.475,3
2012-10-21,34211.0,363254.837564,3072321.73202,3026.0,0.0913813315242,98294.63,25.3525063202,2.75744466575,4.33408858405933,246508.86138957,2035350.58251,98.0,29410.0,35647.0,23.10204087,10213650.0,10.5833333333,2
2018-01-01,21509704.0,1000379552.84,1922580604979.83,37593.0,1.0433825,32334328.9867,14975580.9596883,138.227163984,1.30924400164,184794.662678,1683244.82942741,1549.72435897,593282.0,241757.0,469.41303646,16774887.5,13.9,2
2013-11-24,645789.0,10870023.1517,609482679.888,21794.0,0.175631337696,3678466.0,5453.55870333,51.1345482853,2.0605964451843,226552.91499702,1453068.81623,505.0,117870.0,71937.0,19.27979672,12036950.0,6.55,2
2016-01-27,5832080.0,2599020.5106,120033340651.237,109328.0,0.727886461039,1537171.65,918901.018160999,6.79007730194,1.14146154694,341404.0,13896094.575147,1260.0,414610.0,226385.0,47.63990486,15133100.0,7.66666666666667,3
2016-07-28,8102635.0,1748153.5991,213492501107.0,58240.0,0.87,1126800.22,1453949.46176882,4.94,0.69,258185.15,2460612.93581536,1729.53,393901.0,236946.0,72.36,15783337.5,10.3,2
2020-10-29,55603227.0,310741338.15,19997335994446.0,96472.0,1.2985604074074077,12458484.387886178,107359880.12908651,45.12799068311,0.5833808104872593,160004.86911104003,2437235.1278990773,2556.203703703704,652778.0,276070.0,259.23173258999987,18529356.25,21.8375,2
2016-12-23,10818540.0,71128607.54,310153855703.0,97297.0,0.88,1720367.4,2343510.43,5.92,0.46384561404357,431035.31929554,2633796.22,2006.55,522517.0,304997.0,100.48,16060162.5,8.58,3
2013-11-21,623968.0,20545165.6326,609482679.888,21661.0,0.225979638387,3175653.0,5029.39302641,41.4327296924,1.50483108762802,284416.66939685,2680025.27285,549.0,140082.0,76646.0,23.61058302,12024100.0,10.3833333333,1
2020-09-18,53806038.0,117116914.34619999,17345997805929.0,119477.0,1.1539055515151515,12027086.744657055,142275247.6080696,36.98855243669075,0.6207988572358983,177236.43349251992,3787104.8162539196,1970.648484848485,687638.0,325157.0,69.41040706999999,18493543.75,12.416666666666666,3
2017-10-17,17705898.0,322503478.12,1196792694100.0,79307.0,0.986573225609756,13032444.8256605,9756833.55236,37.8303579585904,1.13932426563,198287.469997,2826171.93715,2039.25609756098,670954.0,334438.0,209.13726138,16629787.5,12.3,3
2019-11-13,43320443.0,84092098.4904,12720005267391.0,90574.0,1.15540325185,15067619.9304,85362510.3568626,47.2420634605,1.01392904117,169820.888523,1331117.80907882,2362.55555556,555616.0,318945.0,34.31516352,18045212.5,10.1833333333333,3
2012-04-30,5798.0,190453.785172,1508589.67206,45.0,0.0243539756903,44780.0,13.4236394852,4.44687189672,6.81948711887011,141584.76301411,995623.201015,72.0,15610.0,10070.0,6.49137637,8907000.0,8.9,2
2012-09-28,27123.0,258006.809953,2864140.50781,2660.0,0.0933203164556962,166566.004037766,23.9193690793,3.3706897368821,3.78032441431,222573.0,1426952.87889,207.392405063291,29803.0,32768.0,59.39218166,10055850.0,11.2166666667,3
2021-05-26,73365685.0,719154798.135,25046487590083.0,72407.0,1.3001551639344262,32976616.14112848,151898253.46814018,142.9087211916139,0.5740341215524944,146447.02505685,2222384.34359886,1891.4180327868853,641585.0,230753.0,77.84665827,18719075.0,9.441666666666666,2
2017-01-23,11505686.0,24607895.5301,392963262344.0,82187.0,0.908683579710145,1683925.09571495,2715269.05187,7.14951426873412,0.85863957068,215184.890713,1530243.9159,1706.73913043478,426712.0,235530.0,109.01172711,16121362.5,9.975,3
2014-10-24,2394480.0,3913031.76149,35985640265.1,35538.0,0.269695314465409,1603289.68193289,271906.093817,18.7626789848321,3.033959748,125611.0,967324.38188,489.974842767296,189654.0,77906.0,12.35002581,13424075.0,6.75,2
2013-05-21,281617.0,2103682.1494,11187257.4613608,6273.0,0.150650621897,515701.2,82.8621161382293,9.55338359793,3.04224438644,138220.0,674482.949535196,304.0,67890.0,53981.0,55.07809707,11185025.0,8.56666666666667,2
2020-06-03,49709097.0,429398121.4779,15138043247083.0,101543.0,1.28282743165468,9081230.36860107,104599753.395371,28.9211158235703,0.663875932078716,143202.62832215,1129212.65239848,2258.9928057554,646746.0,314000.0,82.16455447,18393256.25,13.1666666666667,2
2013-01-16,93966.0,817603.172092,3249549.58449,6979.0,0.167567671799,47878.29,19.8689262804,0.997028175173,1.11131126994268,312007.12187944,1902268.45756,314.0,42042.0,48021.0,36.8345206,10672975.0,11.5083333333,2
2012-04-01,3708.0,363920.435727,1626553.48133,69.0,0.0185275422535211,39046.6729283514,10.2687643397,6.47970012086814,5.69788003571,111515.0,810177.588602,39.1760563380282,10766.0,5563.0,3.8187765,8695900.0,8.74166666667,3
2013-12-27,950868.0,8684724.90288,1180923195.26,18683.0,0.147743643784,2884318.71,9627.4577135,60.3704441468,4.68546686609455,114471.49253113,714279.889511,331.0,95474.0,47777.0,11.80259669,12185975.0,7.41666666667,2
2020-06-24,50486024.0,102289235.2817,15784744305477.0,111163.0,1.28815984892086,8594577.4593605,109068281.468943,27.5184104154396,0.515086955222464,177466.23306765,1311910.1917584,2246.91366906475,625283.0,312321.0,42.3573449,18413693.75,11.225,3
2013-04-23,237368.0,33655839.3436,8974296.01489,8803.0,0.174533726190476,560371.0005537,78.0700680613,8.90806919139192,1.77848358552,250438.0,2091426.70458,367.071428571429,78421.0,61668.0,61.23818202,11073800.0,7.36666666667,3
2017-02-04,11766900.0,43595760.4769,393567551403.0,115119.0,0.952156423611111,1975355.92149189,3043000.84287,6.93647655890516,0.91647805179,212973.243567,2125684.60324,1977.625,500098.0,284778.0,138.64644801,16143512.5,16.4666666667,2
2020-04-23,47940056.0,102205555.9641,15958652328578.0,105336.0,1.28789437323944,13203833.9171429,112649865.245436,40.127745193341,1.02589260297636,176407.82845698,924532.437602299,2317.21830985915,666919.0,329045.0,41.12345331,18341562.5,13.2208333333333,2
2016-11-03,9583811.0,56296677.02,253618246641.0,82509.0,0.832612522580645,1465722.49495801,1966759.3,5.38872526620786,0.68,295884.41,6819766.2,1754.82580645161,457533.0,271998.0,78.9896584,15965737.5,8.98,3
2017-12-22,21050400.0,5352015515.54,1873105475220.0,43222.0,1.06231906451613,48973790.4176209,14432449.6238,125.710491451273,1.17971241041,291040.972957,1901698.95019,2455.7935483871,890731.0,380648.0,1495.94647734,16757650.0,10.85,3
2012-03-07,2614.0,253573.622211,1496978.59503,45.0,0.0188053876926,39020.0,11.6087726958,5.88093443858,7.11451211124162,125157.03449166,413181.355809,44.0,11938.0,6635.0,4.28583196,8511250.0,11.3666666667,3
2012-05-10,6552.0,419431.883591,1733207.51385,277.0,0.0417724108527132,36001.347504345,10.597460179,2.92932038277828,2.72169602598,226329.0,1126846.0696,91.3333333333333,16147.0,11782.0,8.83074595,8977300.0,9.95833333333,2
2014-10-14,2347111.0,8751642.32427,35002482026.1,34088.0,0.290120189693,1452678.0,255777.474426,18.8339059522,1.79765906314704,231694.36487965,1182079.05356,568.0,175952.0,77131.0,12.64154509,13386725.0,7.36666666667,3
2020-08-28,53087838.0,152064701.8666,17557993035167.0,117345.0,1.3021473680981595,13003916.081702596,142268448.57312962,36.566166465714346,0.6457734140650777,175750.82905829992,2165612.967719466,2163.9386503067485,720277.0,352722.0,103.33520898,18473581.25,12.091666666666667,2
2015-10-22,4602627.0,25322556.8264,60883825480.1,75097.0,0.546734439189189,1209253.90418724,475168.56677,7.21628128748211,1.17712789921,335902.0,1621906.31296,995.959459459459,289944.0,147402.0,29.4120876,14748925.0,8.98333333333,2
2016-06-17,7649266.0,128874495.58,196061423939.0,71409.0,0.93,2779037.6,1452193.67,11.17,0.928183401409547,416279.70834054,2774465.08,1703.03,456749.0,253752.0,78.9,15669425.0,9.66,2
2017-10-16,17665382.0,322723336.557,1196792694100.0,79133.0,0.917763637931,13050105.4053,10351762.4275,42.9788898872,1.18533917431047,202116.52169284,1925205.56373,1808.76436782,643476.0,314725.0,193.41946089,16627737.5,7.93333333333,3
2021-05-01,72296975.0,683907404.46,23004465874892.836,79970.0,1.3459564388489211,56995422.307202466,158954589.9843886,213.2471632377353,1.7028587897946268,57862.50982870001,1609084.8921335426,1892.021582733813,677778.0,262991.0,102.11686869999997,18696300.0,10.45,2
2013-01-07,83175.0,642299.332015,3249549.58449,7714.0,0.111600048012,50189.07,23.2611819868,1.41817095225,2.13421379782613,207912.85574387,2088660.78936,383.0,36996.0,35390.0,29.80098536,10643750.0,8.46666666667,2
2017-10-04,17332159.0,204003764.234,1123863285130.0,51710.0,0.837474365672,7436308.0,7486251.28872,32.878150536,1.29863963506009,143963.04255248,1468790.7405,1737.50746269,496068.0,232826.0,136.73283395,16603425.0,13.325,2
2012-09-17,24310.0,426164.16580950003,2694047.95295501,2477.0,0.0765741028472,101181.21,23.570245624032,3.23128445055,3.05395130675,274038.0,13061001.1658778,162.0,31239.0,31313.0,19.83549726,9971000.0,10.7833333333333,2
2013-09-05,420883.0,1671586.6833,86933017.7712,12597.0,0.142603793296089,563466.227787724,821.078113093,9.05413892609586,3.63870210116,131448.0,838119.747745,339.27374301676,57620.0,60730.0,32.62242832,11661825.0,7.05,2
2018-07-19,26381940.0,559342105.92,5178671069070.0,59349.0,0.73462880117,15668190.72,44021066.1135,70.5303277555,1.61100350097976,134422.75978267,965781.997601,1316.01754386,465957.0,225039.0,28.82741906,17158862.5,11.025,2
2018-07-10,26109542.0,385405419.243,5363678461480.0,50824.0,0.971490577181,12485753.0,39727855.4765,58.4968538813,1.51162907348545,130092.79338628,1174009.98827,1450.08724832,445234.0,216063.0,22.86071401,17142500.0,8.66666666667,3
2020-03-22,46843686.0,161732857.492,16552923967337.0,57786.0,0.843088582677165,9996191.20726949,104501989.824035,47.7934498372945,1.4125470125015,116149.63921555,806322.364772903,1646.88188976378,409829.0,209154.0,33.34176341,18282162.5,7.34166666666667,3
2017-08-13,15967771.0,47778543.112,923233068448.0,56181.0,0.983320155405,8147957.3395,6792336.38500398,31.958246436,0.908302836607,224562.884122,2243479.26248682,1779.12162162,516470.0,263310.0,189.71104645,16503825.0,8.45,1
2020-08-09,52379036.0,86008564.668,16847561611550.0,87907.0,1.25096239102564,12105371.3641104,130649505.528664,45.1016436692363,1.4767216259845,70244.03826157,698476.612509977,1720.52564102564,564507.0,268402.0,62.66871355,18456243.75,7.125,3
2012-09-01,20938.0,199716.417663,2440642.60692,2973.0,0.104102192546584,111625.443098407,18.5627253151,2.26127224492356,5.81103086197,132180.0,6853914.88732,253.254658385093,36448.0,40774.0,35.33261176,9844750.0,11.35,2
2015-03-27,3161766.0,2090932.5311,46717549644.7064,40658.0,0.329889742533,946218.24,399442.822155122,10.5073483393,2.80417993649,134157.0,1009654.61350998,786.0,208232.0,90053.0,12.89657663,13992075.0,7.0,3
2017-07-08,15157826.0,23595437.3354,708659466230.0,53177.0,0.85889529697,5589288.04024,5812562.76841065,26.1615176171,1.03415838768,218043.179622,2699738.77099787,1338.39393939,451048.0,220835.0,192.41183082,16435887.5,8.03333333333333,2
2020-04-21,47881705.0,151878158.0712,15624843397592.5,97508.0,1.06824913422819,13280755.4956055,115730561.554044,42.2422605181555,1.22197417562197,158582.77088265,810070.433540893,2086.24832214765,610555.0,310851.0,23.37622201,18338500.0,8.3,2
2019-11-28,43832183.0,220499982.9504,12973235968800.0,82028.0,0.873442441718,15917751.9149,105119198.450391,50.7822655372,2.06851559349,102341.423688,764888.006758807,1899.52760736,533010.0,309623.0,26.17198877,18072575.0,6.08333333333333,2
2014-11-05,2457672.0,4520802.11388,39603666252.4,41710.0,0.350468492753623,1309127.3758616,285462.794521,13.741378369266,2.45992426624,147891.0,748729.864257,648.260869565217,173515.0,89460.0,13.39815386,13471125.0,7.2,3
2013-01-10,86754.0,525216.270545,3249549.58449,8911.0,0.183828606093,43886.66931,19.5458543084,0.802873464381,1.37236692880173,286295.80209577,1436539.47057,424.0,48496.0,54662.0,44.13601946,10653775.0,8.96666666667,2
2017-11-23,19046316.0,550836992.2744,1364422081125.0,87303.0,1.05689426115,17540614.875,10648648.957991,51.5585426977,0.739516767119,301334.556324,3406958.99050022,2243.3566879,747161.0,352207.0,265.91956914,16697437.5,15.35,2
2020-03-24,46891751.0,284307011.0216,16552923967337.0,81833.0,1.17028861363636,11290318.1081887,108616241.391911,40.5935264612312,0.595389833065756,285682.76921379,1396119.81296503,2107.05303030303,528586.0,278131.0,44.74357832,18285000.0,11.5166666666667,2
2012-04-07,4113.0,268961.962356,1626553.48133,107.0,0.0211538217054264,34986.860483824,11.8050361701,5.43189884859866,8.50367710291,85880.0,879113.678077,47.1317829457364,10863.0,6080.0,3.7089169,8741300.0,9.75,2
2016-01-29,5869723.0,54312432.201,120033340651.0,111213.0,0.686997455621302,1750044.21085572,1014371.25381,7.45400658004219,1.10149586716,389924.0,6544542.32061,1327.77514792899,424226.0,224394.0,46.98023086,15141050.0,9.55,2
2013-06-23,323859.0,779442.8125,19339258.2723867,6701.0,0.126782844117,368313.32832,169.1993147957,8.99136606987,2.30343274581,156809.0,340381.454364923,242.0,40871.0,40963.0,37.82404209,11321800.0,8.71666666666667,3
2017-02-01,11699453.0,35717457.4339,392963262344.0,97553.0,0.962289427083333,2481667.38481435,3750587.46733,7.0791515997671,0.942268278538,271145.344759,2078948.61655,1825.83333333333,599052.0,350560.0,154.9165724,16137962.5,23.925,2
2016-04-05,6724479.0,1459218.3483,166851513282.777,69636.0,0.779196677852,1591759.98,1235840.82329639,7.34599684333,1.13793515479,331653.0,2257744.57700313,1044.0,395942.0,216684.0,49.25479625,15395075.0,8.63333333333333,2
2017-04-09,13044154.0,3218963.1595,499635929816.0,58359.0,0.925461893082,2532236.55,3949088.84926085,11.0208677494,1.1838784207,182076.111248,1512371.72667518,1498.65408805,489532.0,238286.0,168.05979031,16264862.5,7.6,2
2012-07-03,11347.0,250947.418686,1751454.53534,622.0,0.0604583,69634.4932967625,13.8433790741,2.39713908557136,3.46264133098,229940.0,2384064.43623,141.66875,26886.0,22667.0,12.35375229,9370600.0,13.1833333333,2
2021-01-14,64763419.0,1209077691.9085999,20607418304386.0,125848.0,1.2964830204081637,42518141.3229426,150586847.08139417,120.78159597455465,0.5090339729774483,217046.98492489985,1934960.5575038558,2304.8231292517007,802110.0,338809.0,141.41282765999998,18600543.75,16.083333333333332,2
2017-11-13,18692769.0,1259093767.51,1364422081120.0,61688.0,1.0417878,16209519.4612957,9495610.53579,51.6366515180724,0.784488439069,322934.811814,4374153.69982,2209.27857142857,694828.0,309299.0,783.38626441,16678237.5,27.2666666667,3
2016-01-01,5445725.0,20406959.2119,103880340815.0,57713.0,0.469414296296,1467328.02,697129.166406,11.8693772194,2.66472715395722,134968.26756469,976452.839324,1304.0,263121.0,123623.0,19.7356877,15031975.0,7.43333333333,2
2012-08-16,17883.0,1444851.12853,2190865.9701,3666.0,0.11193041368,110572.0,15.5739209478,2.70367019586,3.3120037884348,321185.32408253,2729697.58044,272.0,45775.0,40897.0,30.58990923,9718000.0,16.1666666667,3
2016-10-15,9210781.0,6525990.94,258522748404.0,65668.0,0.78,1135929.6,1824875.44,5.58,0.905913107895022,202679.11780487,3408105.66,1482.02,390688.0,210448.0,62.6,15931287.5,10.23,2
2013-06-27,329239.0,3870268.17574,19339258.2724,9066.0,0.126948651813,410408.76006,161.50843685,8.49285572511,2.81917843858252,150970.88620506,582637.004606,202.0,53524.0,48324.0,47.29444705,11345025.0,8.61666666667,3
2014-12-02,2593733.0,3147124.92429,40300030327.9,46847.0,0.39136876,1591199.52639651,242402.370215,14.2954641750504,1.45531319291,208752.0,1219368.15128,662.793333333333,199881.0,99419.0,14.1965774,13565550.0,9.56666666667,2
2015-11-27,4990347.0,40156994.3037,72722780642.5,74477.0,0.649564037593985,1237283.51634607,538645.28606,7.67288573521318,0.842653926375,445023.0,2195779.20855,1204.77443609023,284894.0,160235.0,26.65176592,14890350.0,8.23333333333,3
2013-01-24,100137.0,1277468.196924,3249549.58448721,7317.0,0.147673078578,66204.322,23.9073259309171,1.43781783038,1.30876437924,268574.0,1616949.95832763,315.0,39799.0,46045.0,40.13334087,10700300.0,10.0333333333333,3
2016-09-23,8842084.0,1382424.16,225832872179.0,64095.0,0.8,1027531.44,1526764.96354624,4.76,0.73,238546.44,2253377.47809898,1641.08,389323.0,223187.0,60.05,15888937.5,9.88333333333333,2
2015-02-18,2977411.0,1863197.01722,44455415962.3,49281.0,0.361059005988024,1187677.75371608,362422.077094,9.99905499891464,2.3152126403,177651.0,703399.909491,633.047904191617,181312.0,105719.0,14.96619549,13850300.0,6.71666666667,3
2016-12-10,10538568.0,2203083.4956,286765766820.0,90112.0,0.89,1287818.0,1881686.8737704,5.36,0.89,193275.66,1170744.74867145,1895.76,454665.0,250241.0,86.84,16035612.5,12.8,2
2014-06-12,1724098.0,6450427.8646,11756551916.904,25835.0,0.221003623236,2451384.0,90585.3116841254,37.6608747753,1.3888023829,303283.0,1111447.58093751,394.0,146361.0,65091.0,12.22428882,12890475.0,7.71666666666667,3
2016-05-09,7156897.0,23824164.1218,178659257772.0,66775.0,0.637889537572,2015490.71892,1536447.57849,8.90033922978,1.44673048475392,301773.83711637,2062357.44784,1324.2748538,405890.0,226451.0,40.4654474,15526825.0,6.86666666667,3
2015-08-20,4036635.0,22690278.7458,52699842409.3,58965.0,0.407439186666667,990706.284017562,406057.123219,7.41796476371204,1.09428579791,356397.0,1570874.33076,788.2,222182.0,118230.0,25.77554216,14515675.0,7.78333333333,2
2013-07-06,342417.0,2220238.98174,21335329.114,5987.0,0.0720904804169,332859.864,198.329388061,11.5316079681,2.22761637160232,222445.04785201,670229.727541,303.0,37506.0,28865.0,17.31315056,11377475.0,6.83333333333,2
2016-11-29,10229895.0,18774731.95,281800917193.0,108762.0,0.9,1388629.47,2115268.33,4.94,0.64457450507911,304644.57606278,1427319.39,1947.94,498908.0,294140.0,102.53,16014975.0,9.76,2
2013-02-16,117423.0,1537991.91539,3275464.58657,12083.0,0.124961259259259,146673.506415204,30.2853063634,2.63711153410173,1.98321908695,236938.0,1025415.92635,272.132275132275,37997.0,51433.0,50.77739001,10792850.0,7.7,2
2012-07-24,14337.0,350256.933479,1866391.305,1280.0,0.0766122795031056,86528.605765769,14.2879375109,2.8389581602339,3.96545662189,194555.0,1181372.18944,176.204968944099,28741.0,28369.0,15.98700134,9536200.0,13.2833333333,2
2015-03-17,3117033.0,3990297.82661,47427554950.6,49994.0,0.4114915625,1118080.70032732,332426.75277,10.4943702455141,1.56097381904,226782.0,1313065.33102,777.8203125,191204.0,99561.0,14.10203756,13954175.0,7.45,2
2016-10-06,9054910.0,10859575.08,241227200229.0,79449.0,0.82,1237023.86,1930626.53,4.67,0.881001521051492,248767.77917287,2291725.0,1704.88,499902.0,274486.0,77.72,15915225.0,8.21,2
2015-03-14,3103168.0,696621.676054,47427554950.6,45156.0,0.394160946564886,1051243.33341914,346572.572037,11.0354009869636,4.16808689067,88434.0,567261.992468,683.290076335878,222639.0,89511.0,12.34936058,13943800.0,8.15,3
2013-10-22,488053.0,4871058.71447,267731249.482,17225.0,0.127253075912,1061934.45,2808.19743861,19.4593280437,2.02382350278063,402004.16996896,1096234.37435,271.0,87179.0,54572.0,36.67520171,11889425.0,4.88333333333,3
2021-01-08,64235131.0,1836614178.52,18599593048299.0,131318.0,1.295011067567567,42358095.25666046,136839436.24398455,118.14511431991114,0.4792266652647683,222609.08169237996,2518905.296970445,2422.472972972973,883788.0,358526.0,135.47417648000007,18594825.0,15.570833333333333,2
2015-08-21,4065426.0,3720105.2078,52699842409.347,59431.0,0.397583318182,904694.07,403437.399843575,7.77823309919,1.19011019577,325432.0,1443062.6605751,809.0,235230.0,116311.0,23.63760391,14522325.0,7.58333333333333,3
2016-03-18,6484014.0,1558879.4349,165496835118.226,59385.0,0.735858463768,1427774.04,1135311.13692768,7.01340046567,1.17386322766,297479.0,5239445.10760416,1244.0,364177.0,203578.0,42.58594292,15330975.0,8.81666666666667,3
2020-09-14,53657894.0,81937985.7165,17345997805929.0,113423.0,1.1604976022727271,12485219.771708764,151760264.11527425,34.76789260908813,0.7606771565313001,156009.63340145,2762366.3035074216,2011.4772727272727,726085.0,354020.0,75.47210429,18489606.25,12.25,2
2020-06-17,50206369.0,138860025.7,15784744305477.0,113188.0,1.27152182608696,8709273.10823802,108283617.573483,25.7887488547715,0.512833391501155,180462.30516009,935895.462594491,2417.00724637681,669086.0,333547.0,47.79264099,18407550.0,12.2,3
2015-07-13,3790367.0,6985899.8875,51076366303.4819,57442.0,0.675312254926,1025923.61,368157.891393933,8.57028920615,1.55524745398,225237.0,1377993.23669709,941.0,229381.0,119707.0,28.01547123,14376350.0,8.88333333333333,3
2020-07-21,51559155.0,59994848.8643,17345948872516.0,120589.0,1.290345384,8215338.73446885,107783974.429318,26.2579105588848,0.619134805427545,142457.17097893,890489.549614565,2502.968,660884.0,312871.0,102.28349837,18438718.75,11.2,2
2021-01-25,65709099.0,362355621.4916,20823531150112.0,111660.0,1.3805250428571425,33137293.923932903,144920068.73582825,105.34088833059809,0.8484493506719659,116295.08412392,2313552.772161432,2207.8714285714286,732867.0,309102.0,100.68549632,18610425.0,10.195833333333333,3
2019-07-22,40667475.0,149533508.4911,9064159826491.0,67501.0,1.00448546835,21529384.3624,71191928.9726661,66.3459219432,2.09575462194,98420.7729356,6033168.90500625,2021.51265823,533399.0,319399.0,53.88043597,17830600.0,5.94583333333333,3
2015-03-13,3098868.0,1667974.39353,47427554950.6,45156.0,0.36504238755,955514.02,315923.296959,10.7569012023,1.88090667108243,202787.74814143,845760.366632,716.0,196893.0,88828.0,12.3819142,13940125.0,7.56666666667,3
2017-11-10,18584907.0,1128392930.68,1423367213140.0,50788.0,1.05001306666667,12713071.4989362,8139094.74496,46.783092601285,0.628934440816,289374.033139,2333950.77396,2264.54166666667,619943.0,271745.0,319.97295719,16674487.5,10.7833333333,3
2013-08-14,389809.0,1071052.50588,50810339.0483,12845.0,0.163725384695,416608.92,421.807874228,7.05769909705,1.94735299063,246293.69830471,923708.574895,367.0,66433.0,59029.0,64.02507935,11558050.0,8.41666666667,2
2013-08-23,405133.0,483357.366862,65750060.1491,14504.0,0.124880518965,508919.62,607.932298581,9.96221239111,2.77729532625447,177650.06223173,622248.642033,310.0,54649.0,51085.0,28.06437009,11601300.0,5.68333333333,2
2020-04-22,47912346.0,90394537.9036,15958652328578.0,98530.0,1.03139122137405,11597010.0622321,103923467.233466,41.6028773016883,1.21972602551818,135613.25557325,866718.352478309,2127.90076335878,574265.0,278755.0,25.3733028,18339812.5,8.25,2
2012-05-22,7409.0,311516.23766,1733207.51385,545.0,0.0907238086956522,30649.050032369,10.4251437533,1.29566899312488,2.88194800607,210483.0,2395544.21704,204.173913043478,22280.0,23480.0,12.76867573,9065300.0,15.3,3
2014-05-09,1596786.0,1987268.04243,8000872135.97,25048.0,0.217087770588235,2305086.13988772,70397.4154738,30.2132033959122,7.68980894366,57674.0,730814.540275,389.958823529412,119139.0,66293.0,15.57402453,12752125.0,7.6,3
2015-12-17,5260152.0,30852734.187,79102380900.2,102821.0,0.676203924528,1819000.68,625219.90858,8.28324535519,0.95459456594468,431157.72692626,4256300.69285,1582.0,383742.0,219600.0,37.22822923,14972650.0,7.53333333333,2
2015-09-06,4189121.0,17614944.5676,56957648455.0,54478.0,0.367944616352,959839.2,450189.429885,9.04646704555,1.6160128524062,279973.86741221,961656.671292,955.0,252302.0,106101.0,21.92532491,14582950.0,8.18333333333,2
2020-02-26,46176017.0,114160526.829,15486913440293.0,83577.0,1.16353100735,15629013.681,104700775.427287,47.3653840567,1.19665232419,144920.938137,880402.429954982,2426.22794118,588558.0,329967.0,29.29911468,18238937.5,8.66666666666667,3
2013-10-03,458047.0,6292503.0855,148819199.805093,13290.0,0.132432337557,546926.0,1538.75125006239,9.98113000949,2.88907698186,155171.0,927030.80085099,256.0,66403.0,54796.0,33.53991469,11792525.0,6.18333333333333,1
2018-03-23,23797280.0,946210970.4005,3462542391191.0,40321.0,0.830547676692,14450536.16,22892480.8107269,81.5821841555,1.52632309243,110642.214728,980288.452038435,1352.01503759,430896.0,179818.0,26.25767336,16935175.0,8.98333333333333,3
2013-01-02,79328.0,289720.324444,2979636.61694,6305.0,0.114158385620915,54865.2515428784,23.6989663402,1.34036722309331,2.55407027904,157983.0,1638132.31244,257.732026143791,34292.0,39433.0,32.06808934,10621575.0,9.3,3
2014-05-31,1675841.0,13980467.748,10455720138.4848,20896.0,0.183154750803,3027285.3,79003.0134229165,57.1444673059,4.60258193739,97445.0,588130.159851893,438.0,123644.0,52976.0,10.68373708,12842275.0,7.5,2
2020-07-12,51179181.0,30014745.7292,15784217546288.0,91272.0,0.979820947368421,9012154.57131376,119264931.938044,31.9167973655061,1.87219839216519,52038.28606021,678513.983457948,1857.65789473684,525851.0,282364.0,24.5852307,18431043.75,7.13333333333333,2
2018-08-02,27040929.0,561036987.738,5949437371609.0,58758.0,0.80693845098,14541709.8,45249464.7907536,65.4160878861,1.42131505291,136332.126632,920947.221494545,1469.75816993,470016.0,224873.0,25.20903778,17186437.5,12.95,3
2017-12-24,21173119.0,1798168177.65,1873105475220.0,49434.0,1.06414286184,37634874.15,14153111.8891,138.787679677,1.51702373544229,182640.77134053,1427328.52493,1838.96710526,652210.0,279523.0,881.12136284,16761287.5,14.0166666667,2
2013-05-06,258958.0,9750629.967,10076292.8834187,9178.0,0.159965954044,474770.45,81.6459234846036,8.01773959301,0.974882718394,455952.0,858406.015164323,389.0,69183.0,59215.0,45.04501941,11120550.0,6.53333333333333,3
2015-01-28,2854516.0,7780990.20221,41272873894.7,38068.0,0.273634469512195,1611057.54290654,348786.567248,16.1367169104603,1.81543640443,234709.0,960905.218458,519.707317073171,171619.0,85232.0,11.59256582,13776350.0,6.95,2
2016-02-19,6106627.0,22201850.3562,163491654909.0,93553.0,0.76711604137931,1602889.46259119,1129682.78043,7.09877617424067,1.09837789484,320564.0,4069429.39093,1499.55862068966,411494.0,217436.0,45.93178995,15228100.0,5.93333333333,2
2016-04-02,6672479.0,1558131.7632,166851513282.777,61461.5,0.825543713333,1591174.42,1244135.05700979,8.09136195595,1.64494627869,231375.0,1758765.06294316,1506.0,394636.0,196651.0,56.1792388,15383775.0,10.6333333333333,2
2020-04-14,47633750.0,170118314.503,14715214060657.0,93476.0,0.988374017857143,14587959.1353395,122891539.44698,48.7254431006258,1.76962340746447,119879.01847391,773028.957715486,1782.08928571429,583665.0,299391.0,22.46964436,18324887.5,6.58333333333333,2
2017-10-10,17468930.0,347920434.56,1123863285130.0,76375.0,0.9642725875,10009312.04,8938807.50892,34.1946598396,0.89050368080717,246216.25034833,1952289.66774,1894.38125,613364.0,303101.0,167.2582099,16614525.0,15.4,2
2016-04-27,6982399.0,42654741.3584,178678307671.0,68236.0,0.875343317829,1463200.88494,1145796.94382,6.11105680011,0.949491846785688,366540.16901165,2485051.2243,1856.08527132,386129.0,239435.0,46.11149971,15479950.0,7.75,2
2015-04-06,3208776.0,1531937.93459,49446390688.2,53992.0,0.375497859979,1019620.68,390820.952719,9.12118404809,2.36084505661419,153222.58253906,825264.711976,653.0,205697.0,111786.0,16.185038,14028950.0,9.46666666667,3
2018-03-19,23723080.0,1183523625.16,3462542391190.0,45007.0,0.678044703225806,16605902.4023534,26679206.9599,85.8501176263817,1.47453999186,133484.385618,1333185.15969,1235.66451612903,421647.0,191528.0,30.78064883,16928925.0,10.775,2
2013-12-03,767382.0,14221497.1382,707408283.051,27165.0,0.206264781413,5117346.0,6224.2857985,64.1770046904,3.64113081056388,206792.74130511,1393612.32981,293.0,150637.0,79738.0,21.13728202,12071950.0,8.35,3
2014-02-26,1315180.0,14560568.0035,3129573174.52,25282.0,0.230930489010989,3619080.47651883,28314.0905923,40.6802805237942,3.06984415792,148639.0,621739.937356,395.038461538462,164199.0,71897.0,14.63310193,12453575.0,7.91666666667,2
2018-02-19,23154031.0,1020588579.34,2874674234420.0,42648.0,1.00658407407,22566369.915,23149934.669,123.102480023,1.8683187482082,114330.2486842,1789525.59119,1156.58641975,436342.0,187367.0,50.9081119,16874375.0,6.96666666667,2
2017-02-23,12189249.0,13221162.2004,440779902286.0,91425.0,0.96071238,2381379.0,3286693.16849383,7.57414567316,0.749112552971,278550.227995,3342958.486969,2172.75333333,551454.0,325913.0,211.65472424,16179925.0,11.9833333333333,2
2012-03-11,2758.0,111077.907704,1496978.59503,41.0,0.019407223880597,36645.371567244,12.5761704205,6.29213110701305,7.76281630496,108891.0,523378.295222,38.9776119402985,10385.0,5223.0,2.90460712,8530400.0,12.1666666667,2
2014-01-07,1014419.0,23700401.3664,1418481395.26264,22105.0,0.152785398028,4076107.31,13185.9483205232,64.8194661599,3.58167800503,137896.0,924867.933328937,269.0,121168.0,62884.0,14.28866784,12233750.0,6.71666666666667,3
2017-01-26,11570337.0,26226846.7075,392963262344.0,89792.0,0.993137709677419,1864867.30879591,3066886.62693,5.94370546699148,0.829827475908,251581.080073,2132882.68827,2024.22580645161,518118.0,313755.0,123.55631958,16126862.5,12.5666666667,3
2020-02-08,45753093.0,87939405.4854,15466098935555.0,73118.0,1.11652211511,17511947.9489,106866528.80049,53.9642782932,1.2128057095,147390.862842,784928.205700718,2290.38129496,529398.0,318363.0,21.33690612,18206875.0,8.36666666666667,2
2017-01-13,11288454.0,55509952.11,336899932795.0,83776.0,0.84,1577154.54,2528855.36,5.97,0.644310381828629,310679.02359427,2386792.84,1822.17,466561.0,275149.0,97.9,16099162.5,8.5,3
2016-02-22,6142217.0,25463328.1084,163491654909.0,92675.5,0.898240102362205,1478179.5581374,1056537.8522,5.94171379587346,1.01518133243,324376.0,4350212.80198,1871.62204724409,469044.0,237696.0,45.80619995,15239350.0,9.91666666667,3
2015-06-13,3560971.0,1351595.504,47589591153.625,54162.0,0.376327179218,844662.0,373779.242434065,8.40359360076,2.07992241032,175007.0,1059041.01432131,779.0,223880.0,100512.0,15.99530424,14273275.0,7.4,2
2012-07-05,11572.0,242774.801427,1751454.53534,1095.0,0.060746679119,51599.66238,13.320987411,2.34949742191,3.37147374837158,225810.84551814,1621179.08254,220.0,22262.0,21962.0,12.41769967,9391250.0,13.5666666667,2
2019-02-13,33209938.0,163866857.0902,6061518831027.0,72175.0,1.15328562092,6976103.87653,46101919.5246807,19.7818916621,1.02696610408,189712.966286,3759153.89515758,2304.90849673,546276.0,352651.0,35.63755618,17536587.5,9.88333333333333,3
2016-11-27,10176271.0,11359826.8,281800917193.0,77154.0,0.821504368055555,1373271.48889146,2017209.53,5.78489942200971,1.04,179648.58,950718.26,1648.53472222222,454515.0,237389.0,81.15381886,16010512.5,13.75,3
2016-01-24,5800319.0,2976583.9622,113354299801.471,79592.0,0.596757951807,1694688.25,935388.885930294,8.75482120348,2.11765489098,197719.0,67354303.3714169,1309.0,383842.0,193572.0,37.10747183,15120825.0,8.03333333333333,2
2012-05-13,6754.0,216470.671448,1733207.51385,374.0,0.0459544142857143,40563.4083685,12.3206244358,2.53141589918248,5.11553686308,140318.0,2062283.74756,105.264285714286,17073.0,14737.0,11.80632246,9000050.0,9.83333333333,3
2013-01-28,103131.0,1886961.87577,2968775.33208,8265.0,0.154622678404,81180.0,23.9077368008,1.51407202939,0.956276571159094,425732.93944401,2197913.60868,340.0,41643.0,53617.0,50.78193782,10715600.0,8.75,3
2015-09-02,4166582.0,5452898.7789,54256630327.89,57807.0,0.658569805195,898267.92,415355.205310361,6.5213326267,1.71421046031,227160.0,1420760.40373925,875.0,230707.0,137743.0,44.13311414,14567625.0,12.3,3
2015-10-12,4504330.0,20041053.4464,60813224039.4,57415.0,0.578977835821,842332.5,405087.596382,6.29748349619,1.37274774671509,286077.60083294,1618164.22786,845.0,233677.0,133757.0,25.32149388,14714050.0,9.55,2
2021-04-14,71459756.0,932699539.664,23137439666472.0,89351.0,1.2884584814814815,63141327.402798735,155272729.1885475,208.9713734525182,0.666905654553618,148963.53949102,1825474.5914273402,2203.659259259259,854552.0,297494.0,136.184935,18682668.75,10.9,3
2015-10-24,4619591.0,15134081.82,60883825480.1,74147.0,0.573187633094,980489.7,420690.641917,6.96237014209,1.47064761183067,278732.72817596,1438771.54114,1119.0,316588.0,140827.0,28.61850485,14759025.0,7.8,2
2017-08-12,15936256.0,332122906.138,923233068448.0001,57059.0,0.97991502962963,7177458.75281039,6195712.24308,27.5504038170066,0.84003509941,225972.986544,2414521.1175,1929.78518518519,530699.0,260521.0,210.75240215,16503512.5,11.9333333333,2
2012-10-06,29609.0,801645.479648,3054627.52695,2023.0,0.10853464586,87540.7137,20.8029510436,2.76362904723,5.3586140370793,178707.41514945,1712849.00402,160.0,30653.0,31676.0,23.24799372,10112000.0,12.4833333333,3
2020-07-15,51304849.0,88249714.542,17345948872516.0,128413.0,1.31362408695652,8552242.70922882,118993507.769967,27.0585789878911,0.689996435650953,134399.36045799,833760.320201608,2290.31884057971,671171.0,316064.0,64.32008944,18433893.75,9.85833333333333,3
2016-03-29,6612101.0,30415319.922,165496835118.0,62649.5,0.836449363057325,1685402.33992106,1398571.69042,8.37920831616159,1.51803246461,283327.0,2003758.5488,1257.3821656051,341678.0,197409.0,57.79052183,15372675.0,9.2,2
2013-04-24,239046.0,16598713.5,8974296.01488785,9088.0,0.178093664301,608258.04025,78.0700680613325,9.93658379211,1.55902271202,258175.0,2164362.81202136,327.0,73729.0,61214.0,50.77780195,11077775.0,6.61666666666667,3
2012-11-18,42017.0,251963.013766,3368767.14053,2427.0,0.105937383561644,114996.628392736,20.5978657137,2.68276282264635,2.36285812515,261421.0,1448137.12831,233.808219178082,34545.0,34136.0,27.191148,10431650.0,9.91666666667,2
2015-08-05,3939766.0,1891671.65385,52278304845.6,59010.0,0.800967067669173,1158064.00473945,363827.608152,7.6882896475363,1.8363989025,192496.0,1103973.30483,1005.6992481203,247781.0,133758.0,33.89808802,14466950.0,11.5666666667,2
2017-01-22,11482516.0,41096750.8557,339477557142.0,71782.0,0.674559781609,2002158.0,3398969.89226,8.76633252505,0.98665279676945,229821.85079932,1135726.93182,1361.4137931,428798.0,236886.0,87.1148655,16119687.5,9.925,2
2021-02-17,67721500.0,899200170.726,21434395961349.0,115567.0,1.2910194710144924,51285528.64317585,147040325.15699264,161.444815130281,0.6625189885106596,151209.80276913996,2077696.296202234,2301.927536231884,829226.0,317666.0,141.62327206999993,18631531.25,11.133333333333333,2
2016-01-14,5698571.0,19112138.8037,113354299801.0,97189.0,0.718566368421052,1487692.37910672,743803.210499,7.87476314773379,1.62865554465,204586.0,1200884.44414,1377.30827067669,354601.0,183182.0,31.82088874,15081800.0,7.45,3
2012-07-26,14724.0,237103.603393,1866391.305,2387.0,0.0629332008816,75314.25,15.586840921,2.84957434733,3.9602412297772,282119.9149959,2542177.22727,242.0,25871.0,26430.0,15.17561226,9553500.0,13.0666666667,3
2015-04-15,3260309.0,2376336.69346,49446390688.2,52993.0,0.364453619805,795633.3,339203.091039,7.64568866936,1.48841292265958,222830.56962067,1092751.34812,717.0,186694.0,104063.0,15.02016737,14059875.0,8.11666666667,3
2014-12-12,2643050.0,5776249.1516,40007470271.2713,38193.0,0.292489265228,1255861.35,282407.063082569,15.7946140205,2.57117584261,139430.0,973005.794753066,742.0,174655.0,79512.0,10.95838328,13601000.0,7.9,2
2015-12-26,5380917.0,91276222.4367,93448670796.3,71880.0,0.477272801075,1955357.22,864036.703658,11.4412607078,1.24439921998371,408291.28071416,2670582.94449,1139.0,367108.0,170904.0,28.83614603,15007975.0,8.53333333333,2
2015-08-08,3956107.0,2590061.86639,52699842409.3,43492.0,0.350408975155279,1298511.35996027,353662.655707,12.0824348890423,1.11085030129,305442.0,1075398.3593,630.509316770186,218499.0,101512.0,22.40730609,14477800.0,7.71666666667,3
2012-06-14,9370.0,312361.653408,1583177.84744,643.0,0.152589468086,49227.525,12.5133314292,0.857517811417,3.96992442727636,230389.68664537,3656680.3494,246.0,39031.0,57407.0,35.61308945,9234450.0,47.7333333333,2
2014-03-26,1432812.0,4709236.1048,5006860589.2054,24640.0,0.236893728108,2178597.6,39324.9976022039,30.7104257119,2.60553549541,160735.0,521418.676117358,361.0,146839.0,70940.0,13.74833968,12569050.0,8.26666666666667,3
2016-08-08,8229264.0,15361103.59,201893210853.0,59612.0,0.839246162162162,1155198.82591718,1495388.72,4.88478883126565,0.83,233934.96,1974802.12,1589.83108108108,411266.0,235295.0,86.44357031,15804300.0,8.05,3
2012-07-16,13203.0,835058.0038380001,1751454.53534068,1532.0,0.0830623066358,84176.3,12.8856610249818,2.42631943043,2.15531164165,411541.0,2110624.76932536,215.0,33380.0,34693.0,20.25827138,9464850.0,12.8833333333333,1
2015-03-18,3121374.0,1833379.7216,47427554950.6483,49994.0,0.412476526274,935886.42,332426.752770383,9.13826644795,1.54960977004,231736.0,1527886.93420477,577.0,190851.0,102414.0,16.03415694,13957750.0,8.01666666666667,3
2017-02-28,12309173.0,44954233.9267,440779902286.0,98807.0,0.968234019607843,2548889.19696578,3352427.03186,7.8327582616783,0.998213044149,214370.217344,1954778.73834,2126.88888888889,542156.0,325414.0,227.3714723,16189987.5,12.1666666667,2
2020-07-17,51390785.0,88531436.7,17345948872516.0,117087.0,1.2644118220339,7439212.40619956,101748071.861276,25.3114502417417,0.675686518109295,120592.3334977,848790.136178614,2490.73728813559,629600.0,293907.0,77.30576136,18435425.0,11.8666666666667,2
2016-10-27,9435917.0,26863753.64,253618246641.0,87843.0,0.97,1402328.39,2042403.89,4.48,0.569377507911031,379576.74154797,3492141.35,2014.74,544308.0,326388.0,111.04,15952637.5,19.88,2
2020-04-13,47599472.0,112654904.1387,14715214060657.0,83770.0,0.92931029239766,14683700.7327373,125086031.222819,50.1981120036146,1.30541706289572,166833.78406975,985586.612082916,1684.87134502924,549230.0,288113.0,16.74379536,18322700.0,5.63333333333333,3
2014-10-25,2399236.0,5618226.6008,35985640265.0762,35538.0,0.291984521426,1158701.8,271906.093816513,16.4268653331,3.57492428975,91191.0,914765.189541027,468.0,183560.0,70537.0,10.7606396,13427325.0,7.78333333333333,3
2020-03-12,46510669.0,130840913.439,16552923967337.0,85208.0,1.23511670198676,13544827.8769228,124250397.349837,37.7012858874398,0.376633321970046,562532.03844696,2351186.61606329,2317.73509933775,653156.0,349978.0,59.16829292,18267562.5,12.2416666666667,3
2016-06-18,7659937.0,85041797.51,196061423939.0,63031.0,0.867727898734177,3023654.81312615,1549656.33,12.8492833629791,1.47,274046.63,2345533.81,1489.34810126582,423334.0,235317.0,70.57830565,15672725.0,9.3,3
2018-07-06,26002911.0,368324017.1091,5363678461481.0,48116.0,0.68545858125,13022240.0,42660784.4042972,65.4925776702,1.64548661742,122863.522458,968279.449515897,1256.20625,529417.0,200993.0,21.70281974,17134237.5,6.58333333333333,2
2016-01-18,5737505.0,3204406.656,113354299801.471,83942.0,0.665721045714,1700240.64,986102.741191575,7.94750081801,2.29852085995,191993.0,9462153.27350643,1122.0,395421.0,213934.0,38.60077135,15097350.0,5.95,3
2020-08-06,52272414.0,182136390.168,16847561611550.0,115556.0,1.27700828205128,13771270.4382111,130649505.528664,38.6169574725783,0.648945301398674,180464.5498093,1194659.24607117,2285.97435897436,762479.0,356612.0,196.22049311,18453393.75,12.0333333333333,2
2014-10-19,2370886.0,2762915.48,35002482026.1332,28468.0,0.308277268341,1332696.9,233157.697776197,16.9893668014,2.83136555527,122273.0,454054.118035242,483.0,155800.0,78443.0,12.24408182,13401650.0,8.3,3
2014-07-06,1821881.0,1153436.45,16818461371.1611,26776.0,0.240252803555,2167600.3,124571.487177873,36.1351031907,5.60508595672,62176.0,373704.721600211,328.0,163144.0,59986.0,10.44603741,12991150.0,7.85,3
2016-11-14,9838510.0,20324888.37,254620187304.0,84412.0,0.79,1523261.75,2177044.96,5.82,0.935117535216312,238427.33527009,1547251.34,1572.7,489541.0,270506.0,79.42,15986875.0,8.33,2
2021-05-07,72588106.0,605987088.7744,20608845737768.0,87350.0,1.2962967151162783,71663298.61460015,176209059.88134116,218.461023038865,0.7385272279527896,169995.87767231005,1940607.4922763945,1790.6279069767443,804452.0,307988.0,104.36786384,18702787.5,8.545833333333334,2
2014-01-03,987716.0,10067025.947,1418481395.26,17584.0,0.196643043478261,3468549.23939752,10435.9377082,52.7335498198026,2.66268239801,139408.0,609284.447731,378.757763975155,103502.0,60980.0,13.81938881,12212325.0,8.95,3
2016-01-07,5528591.0,58478075.9822,103880340815.0,82925.0,0.677849430556,1648782.14,743604.444166,9.26943459659,1.14119559852934,359605.27521073,1536633.73193,1117.0,364236.0,177873.0,34.09833151,15054575.0,9.45,3
2021-04-19,71716503.0,1795641744.0864,23581981443664.0,57830.0,1.3054006494845363,47180246.47068432,113709865.62864962,223.88318308539746,0.6736229263705363,124206.31963259997,1279783.3824171573,2148.5876288659792,674744.0,208413.0,215.81663228,18686406.25,17.4,3
2016-03-19,6494510.0,15007027.5693,165496835118.0,54666.0,0.681470185185,1384278.67,1110630.46004,7.32953871325,1.61029812043795,213215.92843033,5098832.83494,1291.0,358458.0,188863.0,38.06506394,15334350.0,8.81666666667,2
2021-01-15,64836331.0,988940894.4948001,20607418304386.0,115433.0,1.315265806451613,41733817.69406035,158782049.6436469,121.31853214243041,0.6390751248519266,173447.9771496402,1735779.466270427,2219.367741935484,808283.0,344002.0,147.17314406,18601418.75,15.925,3
2020-04-20,47840252.0,64645648.4664,14715214060657.0,93267.0,1.04926998757764,14513595.7291591,117771058.636689,46.4250848596367,1.45227938086876,142026.36155992,839780.608285255,1930.49689440994,619559.0,310810.0,21.97670283,18336275.0,6.73333333333333,3
2012-08-31,20792.0,601947.78151,2440642.60692,2973.0,0.0995082796717,85214.76,19.7759753357,2.03182546495,2.20584122768675,486867.88043682,11028471.468,237.0,39715.0,41940.0,28.87869838,9837100.0,12.2,3
2018-07-21,26489365.0,523947504.4375,5178671069072.0,44987.0,0.715741226277,12556546.625,35268339.5178422,68.6350793061,2.4130891817,71687.2879837,642013.565772866,1348.9270073,385949.0,184803.0,17.37819099,17161950.0,8.93333333333333,2
2018-03-07,23497629.0,1355596866.82,3290605988760.0,43277.0,1.02232191082803,21157511.2468039,25681575.0185,98.7948563047679,1.27895127312,156169.961153,931240.743175,1362.91719745223,474916.0,213978.0,34.8377064,16906187.5,6.83333333333,3
2017-08-18,16118648.0,373082615.758,923233068448.0001,53841.0,0.959987362416107,9384491.83962616,6838230.54977,29.8672271452455,0.799203670693,275331.808877,2669279.00876,2095.63758389262,580732.0,312250.0,337.96192313,16514612.5,8.65,3
2012-04-13,4408.0,453609.726954,1577913.48568,66.0,0.0268389435483871,33818.6669971297,10.4323211418,4.54185696979985,3.54613661605,187669.0,811725.621915,58.25,12315.0,7223.0,4.49039551,8783000.0,11.5333333333,3
2021-04-11,71278089.0,689236659.54,23137439666472.0,77455.0,1.3770414137931037,58799840.659562446,166774412.8321436,229.70661798889924,1.465062970385971,66929.62569863001,1369947.8337563388,1747.9241379310345,653736.0,253449.0,62.98652347,18680143.75,9.916666666666666,2
2017-12-18,20822024.0,2021140821.09,1718045833480.0,63495.0,1.04203505495,52600190.3933,16946489.2357,137.660691061,1.11993901836132,258704.36227449,3005751.29995,2166.14835165,922524.0,394239.0,587.12548366,16750612.5,11.6,3
2014-02-22,1287551.0,11013569.0711,3129573174.52,20491.0,0.183935097286,2858697.97,28314.0905923,48.7566170351,5.58682786891281,99137.3940842001,403304.454826,381.0,142019.0,58632.0,11.78154841,12435700.0,8.21666666667,3
2017-02-14,11987965.0,4552916.952,422170566883.0,90539.0,0.884733266272,2198282.4,3546669.94789663,7.24357950484,0.99198943037,227168.883747,1925169.97318269,1864.40236686,530239.0,315084.0,140.99131586,16163675.0,12.775,2
2020-12-08,61016753.0,176619929.6967,19157154724710.0,117329.0,1.2865375208333338,18941288.637713753,137132255.0450689,55.882744611144965,0.5021757917706171,199640.1308773499,1619020.9618214075,2298.402777777778,737193.0,330970.0,72.19048211999998,18565825.0,13.983333333333334,3
2014-09-02,2130197.0,2489654.96886,27428630902.3,31518.0,0.245162322086,1884421.36,216794.057398,26.1594391693,3.06637492209392,134935.01128931,512676.887924,468.0,148218.0,72036.0,11.28382249,13223450.0,8.1,2
2015-08-28,4134777.0,21397486.8243,54256630327.9,60910.0,0.431331825503,877903.33,401869.646696,7.21414168557,1.22066812523313,362617.658973,1621121.8297,894.0,243645.0,121692.0,24.08727019,14548275.0,8.1,3
