,matching_date
0,2009-01-03
1,2009-01-04
2,2009-01-05
3,2009-01-06
4,2009-01-07
5,2009-01-08
6,2009-01-09
7,2009-01-10
8,2009-01-11
9,2009-01-12
10,2009-01-13
11,2009-01-14
12,2009-01-15
13,2009-01-16
14,2009-01-17
15,2009-01-18
16,2009-01-19
17,2009-01-20
18,2009-01-21
19,2009-01-22
20,2009-01-23
21,2009-01-24
22,2009-01-25
23,2009-01-26
24,2009-01-27
25,2009-01-28
26,2009-01-29
27,2009-01-30
28,2009-01-31
29,2009-02-01
30,2009-02-02
31,2009-02-03
32,2009-02-04
33,2009-02-05
34,2009-02-06
35,2009-02-07
36,2009-02-08
37,2009-02-09
38,2009-02-10
39,2009-02-11
40,2009-02-12
41,2009-02-13
42,2009-02-14
43,2009-02-15
44,2009-02-16
45,2009-02-17
46,2009-02-18
47,2009-02-19
48,2009-02-20
49,2009-02-21
50,2009-02-22
51,2009-02-23
52,2009-02-24
53,2009-02-25
54,2009-02-26
55,2009-02-27
56,2009-02-28
57,2009-03-01
58,2009-03-02
59,2009-03-03
60,2009-03-04
61,2009-03-05
62,2009-03-06
63,2009-03-07
64,2009-03-08
65,2009-03-09
66,2009-03-10
67,2009-03-11
68,2009-03-12
69,2009-03-13
70,2009-03-14
71,2009-03-15
72,2009-03-16
73,2009-03-17
74,2009-03-18
75,2009-03-19
76,2009-03-20
77,2009-03-21
78,2009-03-22
79,2009-03-23
80,2009-03-24
81,2009-03-25
82,2009-03-26
83,2009-03-27
84,2009-03-28
85,2009-03-29
86,2009-03-30
87,2009-03-31
88,2009-04-01
89,2009-04-02
90,2009-04-03
91,2009-04-04
92,2009-04-05
93,2009-04-06
94,2009-04-07
95,2009-04-08
96,2009-04-09
97,2009-04-10
98,2009-04-11
99,2009-04-12
100,2009-04-13
101,2009-04-14
102,2009-04-15
103,2009-04-16
104,2009-04-17
105,2009-04-18
106,2009-04-19
107,2009-04-20
108,2009-04-21
109,2009-04-22
110,2009-04-23
111,2009-04-24
112,2009-04-25
113,2009-04-26
114,2009-04-27
115,2009-04-28
116,2009-04-29
117,2009-04-30
118,2009-05-01
119,2009-05-02
120,2009-05-03
121,2009-05-04
122,2009-05-05
123,2009-05-06
124,2009-05-07
125,2009-05-08
126,2009-05-09
127,2009-05-10
128,2009-05-11
129,2009-05-12
130,2009-05-13
131,2009-05-14
132,2009-05-15
133,2009-05-16
134,2009-05-17
135,2009-05-18
136,2009-05-19
137,2009-05-20
138,2009-05-21
139,2009-05-22
140,2009-05-23
141,2009-05-24
142,2009-05-25
143,2009-05-26
144,2009-05-27
145,2009-05-28
146,2009-05-29
147,2009-05-30
148,2009-05-31
149,2009-06-01
150,2009-06-02
151,2009-06-03
152,2009-06-04
153,2009-06-05
154,2009-06-06
155,2009-06-07
156,2009-06-08
157,2009-06-09
158,2009-06-10
159,2009-06-11
160,2009-06-12
161,2009-06-13
162,2009-06-14
163,2009-06-15
164,2009-06-16
165,2009-06-17
166,2009-06-18
167,2009-06-19
168,2009-06-20
169,2009-06-21
170,2009-06-22
171,2009-06-23
172,2009-06-24
173,2009-06-25
174,2009-06-26
175,2009-06-27
176,2009-06-28
177,2009-06-29
178,2009-06-30
179,2009-07-01
180,2009-07-02
181,2009-07-03
182,2009-07-04
183,2009-07-05
184,2009-07-06
185,2009-07-07
186,2009-07-08
187,2009-07-09
188,2009-07-10
189,2009-07-11
190,2009-07-12
191,2009-07-13
192,2009-07-14
193,2009-07-15
194,2009-07-16
195,2009-07-17
196,2009-07-18
197,2009-07-19
198,2009-07-20
199,2009-07-21
200,2009-07-22
201,2009-07-23
202,2009-07-24
203,2009-07-25
204,2009-07-26
205,2009-07-27
206,2009-07-28
207,2009-07-29
208,2009-07-30
209,2009-07-31
210,2009-08-01
211,2009-08-02
212,2009-08-03
213,2009-08-04
214,2009-08-05
215,2009-08-06
216,2009-08-07
217,2009-08-08
218,2009-08-09
219,2009-08-10
220,2009-08-11
221,2009-08-12
222,2009-08-13
223,2009-08-14
224,2009-08-15
225,2009-08-16
226,2009-08-17
227,2009-08-18
228,2009-08-19
229,2009-08-20
230,2009-08-21
231,2009-08-22
232,2009-08-23
233,2009-08-24
234,2009-08-25
235,2009-08-26
236,2009-08-27
237,2009-08-28
238,2009-08-29
239,2009-08-30
240,2009-08-31
241,2009-09-01
242,2009-09-02
243,2009-09-03
244,2009-09-04
245,2009-09-05
246,2009-09-06
247,2009-09-07
248,2009-09-08
249,2009-09-09
250,2009-09-10
251,2009-09-11
252,2009-09-12
253,2009-09-13
254,2009-09-14
255,2009-09-15
256,2009-09-16
257,2009-09-17
258,2009-09-18
259,2009-09-19
260,2009-09-20
261,2009-09-21
262,2009-09-22
263,2009-09-23
264,2009-09-24
265,2009-09-25
266,2009-09-26
267,2009-09-27
268,2009-09-28
269,2009-09-29
270,2009-09-30
271,2009-10-01
272,2009-10-02
273,2009-10-03
274,2009-10-04
275,2009-10-05
276,2009-10-06
277,2009-10-07
278,2009-10-08
279,2009-10-09
280,2009-10-10
281,2009-10-11
282,2009-10-12
283,2009-10-13
284,2009-10-14
285,2009-10-15
286,2009-10-16
287,2009-10-17
288,2009-10-18
289,2009-10-19
290,2009-10-20
291,2009-10-21
292,2009-10-22
293,2009-10-23
294,2009-10-24
295,2009-10-25
296,2009-10-26
297,2009-10-27
298,2009-10-28
299,2009-10-29
300,2009-10-30
301,2009-10-31
302,2009-11-01
303,2009-11-02
304,2009-11-03
305,2009-11-04
306,2009-11-05
307,2009-11-06
308,2009-11-07
309,2009-11-08
310,2009-11-09
311,2009-11-10
312,2009-11-11
313,2009-11-12
314,2009-11-13
315,2009-11-14
316,2009-11-15
317,2009-11-16
318,2009-11-17
319,2009-11-18
320,2009-11-19
321,2009-11-20
322,2009-11-21
323,2009-11-22
324,2009-11-23
325,2009-11-24
326,2009-11-25
327,2009-11-26
328,2009-11-27
329,2009-11-28
330,2009-11-29
331,2009-11-30
332,2009-12-01
333,2009-12-02
334,2009-12-03
335,2009-12-04
336,2009-12-05
337,2009-12-06
338,2009-12-07
339,2009-12-08
340,2009-12-09
341,2009-12-10
342,2009-12-11
343,2009-12-12
344,2009-12-13
345,2009-12-14
346,2009-12-15
347,2009-12-16
348,2009-12-17
349,2009-12-18
350,2009-12-19
351,2009-12-20
352,2009-12-21
353,2009-12-22
354,2009-12-23
355,2009-12-24
356,2009-12-25
357,2009-12-26
358,2009-12-27
359,2009-12-28
360,2009-12-29
361,2009-12-30
362,2009-12-31
363,2010-01-01
364,2010-01-02
365,2010-01-03
366,2010-01-04
367,2010-01-05
368,2010-01-06
369,2010-01-07
370,2010-01-08
371,2010-01-09
372,2010-01-10
373,2010-01-11
374,2010-01-12
375,2010-01-13
376,2010-01-14
377,2010-01-15
378,2010-01-16
379,2010-01-17
380,2010-01-18
381,2010-01-19
382,2010-01-20
383,2010-01-21
384,2010-01-22
385,2010-01-23
386,2010-01-24
387,2010-01-25
388,2010-01-26
389,2010-01-27
390,2010-01-28
391,2010-01-29
392,2010-01-30
393,2010-01-31
394,2010-02-01
395,2010-02-02
396,2010-02-03
397,2010-02-04
398,2010-02-05
399,2010-02-06
400,2010-02-07
401,2010-02-08
402,2010-02-09
403,2010-02-10
404,2010-02-11
405,2010-02-12
406,2010-02-13
407,2010-02-14
408,2010-02-15
409,2010-02-16
410,2010-02-17
411,2010-02-18
412,2010-02-19
413,2010-02-20
414,2010-02-21
415,2010-02-22
416,2010-02-23
417,2010-02-24
418,2010-02-25
419,2010-02-26
420,2010-02-27
421,2010-02-28
422,2010-03-01
423,2010-03-02
424,2010-03-03
425,2010-03-04
426,2010-03-05
427,2010-03-06
428,2010-03-07
429,2010-03-08
430,2010-03-09
431,2010-03-10
432,2010-03-11
433,2010-03-12
434,2010-03-13
435,2010-03-14
436,2010-03-15
437,2010-03-16
438,2010-03-17
439,2010-03-18
440,2010-03-19
441,2010-03-20
442,2010-03-21
443,2010-03-22
444,2010-03-23
445,2010-03-24
446,2010-03-25
447,2010-03-26
448,2010-03-27
449,2010-03-28
450,2010-03-29
451,2010-03-30
452,2010-03-31
453,2010-04-01
454,2010-04-02
455,2010-04-03
456,2010-04-04
457,2010-04-05
458,2010-04-06
459,2010-04-07
460,2010-04-08
461,2010-04-09
462,2010-04-10
463,2010-04-11
464,2010-04-12
465,2010-04-13
466,2010-04-14
467,2010-04-15
468,2010-04-16
469,2010-04-17
470,2010-04-18
471,2010-04-19
472,2010-04-20
473,2010-04-21
474,2010-04-22
475,2010-04-23
476,2010-04-24
477,2010-04-25
478,2010-04-26
479,2010-04-27
480,2010-04-28
481,2010-04-29
482,2010-04-30
483,2010-05-01
484,2010-05-02
485,2010-05-03
486,2010-05-04
487,2010-05-05
488,2010-05-06
489,2010-05-07
490,2010-05-08
491,2010-05-09
492,2010-05-10
493,2010-05-11
494,2010-05-12
495,2010-05-13
496,2010-05-14
497,2010-05-15
498,2010-05-16
499,2010-05-17
500,2010-05-18
501,2010-05-19
502,2010-05-20
503,2010-05-21
504,2010-05-22
505,2010-05-23
506,2010-05-24
507,2010-05-25
508,2010-05-26
509,2010-05-27
510,2010-05-28
511,2010-05-29
512,2010-05-30
513,2010-05-31
514,2010-06-01
515,2010-06-02
516,2010-06-03
517,2010-06-04
518,2010-06-05
519,2010-06-06
520,2010-06-07
521,2010-06-08
522,2010-06-09
523,2010-06-10
524,2010-06-11
525,2010-06-12
526,2010-06-13
527,2010-06-14
528,2010-06-15
529,2010-06-16
530,2010-06-17
531,2010-06-18
532,2010-06-19
533,2010-06-20
534,2010-06-21
535,2010-06-22
536,2010-06-23
537,2010-06-24
538,2010-06-25
539,2010-06-26
540,2010-06-27
541,2010-06-28
542,2010-06-29
543,2010-06-30
544,2010-07-01
545,2010-07-02
546,2010-07-03
547,2010-07-04
548,2010-07-05
549,2010-07-06
550,2010-07-07
551,2010-07-08
552,2010-07-09
553,2010-07-10
554,2010-07-11
555,2010-07-12
556,2010-07-13
557,2010-07-14
558,2010-07-15
559,2010-07-16
560,2010-07-17
561,2010-07-18
562,2010-07-19
563,2010-07-20
564,2010-07-21
565,2010-07-22
566,2010-07-23
567,2010-07-24
568,2010-07-25
569,2010-07-26
570,2010-07-27
571,2010-07-28
572,2010-07-29
573,2010-07-30
574,2010-07-31
575,2010-08-01
576,2010-08-02
577,2010-08-03
578,2010-08-04
579,2010-08-05
580,2010-08-06
581,2010-08-07
582,2010-08-08
583,2010-08-09
584,2010-08-10
585,2010-08-11
586,2010-08-12
587,2010-08-13
588,2010-08-14
589,2010-08-15
590,2010-08-16
591,2010-08-17
592,2010-08-18
593,2010-08-19
594,2010-08-20
595,2010-08-21
596,2010-08-22
597,2010-08-23
598,2010-08-24
599,2010-08-25
600,2010-08-26
601,2010-08-27
602,2010-08-28
603,2010-08-29
604,2010-08-30
605,2010-08-31
606,2010-09-01
607,2010-09-02
608,2010-09-03
609,2010-09-04
610,2010-09-05
611,2010-09-06
612,2010-09-07
613,2010-09-08
614,2010-09-09
615,2010-09-10
616,2010-09-11
617,2010-09-12
618,2010-09-13
619,2010-09-14
620,2010-09-15
621,2010-09-16
622,2010-09-17
623,2010-09-18
624,2010-09-19
625,2010-09-20
626,2010-09-21
627,2010-09-22
628,2010-09-23
629,2010-09-24
630,2010-09-25
631,2010-09-26
632,2010-09-27
633,2010-09-28
634,2010-09-29
635,2010-09-30
636,2010-10-01
637,2010-10-02
638,2010-10-03
639,2010-10-04
640,2010-10-05
641,2010-10-06
642,2010-10-07
643,2010-10-08
644,2010-10-09
645,2010-10-10
646,2010-10-11
647,2010-10-12
648,2010-10-13
649,2010-10-14
650,2010-10-15
651,2010-10-16
652,2010-10-17
653,2010-10-18
654,2010-10-19
655,2010-10-20
656,2010-10-21
657,2010-10-22
658,2010-10-23
659,2010-10-24
660,2010-10-25
661,2010-10-26
662,2010-10-27
663,2010-10-28
664,2010-10-29
665,2010-10-30
666,2010-10-31
667,2010-11-01
668,2010-11-02
669,2010-11-03
670,2010-11-04
671,2010-11-05
672,2010-11-06
673,2010-11-07
674,2010-11-08
675,2010-11-09
676,2010-11-10
677,2010-11-11
678,2010-11-12
679,2010-11-13
680,2010-11-14
681,2010-11-15
682,2010-11-16
683,2010-11-17
684,2010-11-18
685,2010-11-19
686,2010-11-20
687,2010-11-21
688,2010-11-22
689,2010-11-23
690,2010-11-24
691,2010-11-25
692,2010-11-26
693,2010-11-27
694,2010-11-28
695,2010-11-29
696,2010-11-30
697,2010-12-01
698,2010-12-02
699,2010-12-03
700,2010-12-04
701,2010-12-05
702,2010-12-06
703,2010-12-07
704,2010-12-08
705,2010-12-09
706,2010-12-10
707,2010-12-11
708,2010-12-12
709,2010-12-13
710,2010-12-14
711,2010-12-15
712,2010-12-16
713,2010-12-17
714,2010-12-18
715,2010-12-19
716,2010-12-20
717,2010-12-21
718,2010-12-22
719,2010-12-23
720,2010-12-24
721,2010-12-25
722,2010-12-26
723,2010-12-27
724,2010-12-28
725,2010-12-29
726,2010-12-30
727,2010-12-31
728,2011-01-01
729,2011-01-02
730,2011-01-03
731,2011-01-04
732,2011-01-05
733,2011-01-06
734,2011-01-07
735,2011-01-08
736,2011-01-09
737,2011-01-10
738,2011-01-11
739,2011-01-12
740,2011-01-13
741,2011-01-14
742,2011-01-15
743,2011-01-16
744,2011-01-17
745,2011-01-18
746,2011-01-19
747,2011-01-20
748,2011-01-21
749,2011-01-22
750,2011-01-23
751,2011-01-24
752,2011-01-25
753,2011-01-26
754,2011-01-27
755,2011-01-28
756,2011-01-29
757,2011-01-30
758,2011-01-31
759,2011-02-01
760,2011-02-02
761,2011-02-03
762,2011-02-04
763,2011-02-05
764,2011-02-06
765,2011-02-07
766,2011-02-08
767,2011-02-09
768,2011-02-10
769,2011-02-11
770,2011-02-12
771,2011-02-13
772,2011-02-14
773,2011-02-15
774,2011-02-16
775,2011-02-17
776,2011-02-18
777,2011-02-19
778,2011-02-20
779,2011-02-21
780,2011-02-22
781,2011-02-23
782,2011-02-24
783,2011-02-25
784,2011-02-26
785,2011-02-27
786,2011-02-28
787,2011-03-01
788,2011-03-02
789,2011-03-03
790,2011-03-04
791,2011-03-05
792,2011-03-06
793,2011-03-07
794,2011-03-08
795,2011-03-09
796,2011-03-10
797,2011-03-11
798,2011-03-12
799,2011-03-13
800,2011-03-14
801,2011-03-15
802,2011-03-16
803,2011-03-17
804,2011-03-18
805,2011-03-19
806,2011-03-20
807,2011-03-21
808,2011-03-22
809,2011-03-23
810,2011-03-24
811,2011-03-25
812,2011-03-26
813,2011-03-27
814,2011-03-28
815,2011-03-29
816,2011-03-30
817,2011-03-31
818,2011-04-01
819,2011-04-02
820,2011-04-03
821,2011-04-04
822,2011-04-05
823,2011-04-06
824,2011-04-07
825,2011-04-08
826,2011-04-09
827,2011-04-10
828,2011-04-11
829,2011-04-12
830,2011-04-13
831,2011-04-14
832,2011-04-15
833,2011-04-16
834,2011-04-17
835,2011-04-18
836,2011-04-19
837,2011-04-20
838,2011-04-21
839,2011-04-22
840,2011-04-23
841,2011-04-24
842,2011-04-25
843,2011-04-26
844,2011-04-27
845,2011-04-28
846,2011-04-29
847,2011-04-30
848,2011-05-01
849,2011-05-02
850,2011-05-03
851,2011-05-04
852,2011-05-05
853,2011-05-06
854,2011-05-07
855,2011-05-08
856,2011-05-09
857,2011-05-10
858,2011-05-11
859,2011-05-12
860,2011-05-13
861,2011-05-14
862,2011-05-15
863,2011-05-16
864,2011-05-17
865,2011-05-18
866,2011-05-19
867,2011-05-20
868,2011-05-21
869,2011-05-22
870,2011-05-23
871,2011-05-24
872,2011-05-25
873,2011-05-26
874,2011-05-27
875,2011-05-28
876,2011-05-29
877,2011-05-30
878,2011-05-31
879,2011-06-01
880,2011-06-02
881,2011-06-03
882,2011-06-04
883,2011-06-05
884,2011-06-06
885,2011-06-07
886,2011-06-08
887,2011-06-09
888,2011-06-10
889,2011-06-11
890,2011-06-12
891,2011-06-13
892,2011-06-14
893,2011-06-15
894,2011-06-16
895,2011-06-17
896,2011-06-18
897,2011-06-19
898,2011-06-20
899,2011-06-21
900,2011-06-22
901,2011-06-23
902,2011-06-24
903,2011-06-25
904,2011-06-26
905,2011-06-27
906,2011-06-28
907,2011-06-29
908,2011-06-30
909,2011-07-01
910,2011-07-02
911,2011-07-03
912,2011-07-04
913,2011-07-05
914,2011-07-06
915,2011-07-07
916,2011-07-08
917,2011-07-09
918,2011-07-10
919,2011-07-11
920,2011-07-12
921,2011-07-13
922,2011-07-14
923,2011-07-15
924,2011-07-16
925,2011-07-17
926,2011-07-18
927,2011-07-19
928,2011-07-20
929,2011-07-21
930,2011-07-22
931,2011-07-23
932,2011-07-24
933,2011-07-25
934,2011-07-26
935,2011-07-27
936,2011-07-28
937,2011-07-29
938,2011-07-30
939,2011-07-31
940,2011-08-01
941,2011-08-02
942,2011-08-03
943,2011-08-04
944,2011-08-05
945,2011-08-06
946,2011-08-07
947,2011-08-08
948,2011-08-09
949,2011-08-10
950,2011-08-11
951,2011-08-12
952,2011-08-13
953,2011-08-14
954,2011-08-15
955,2011-08-16
956,2011-08-17
957,2011-08-18
958,2011-08-19
959,2011-08-20
960,2011-08-21
961,2011-08-22
962,2011-08-23
963,2011-08-24
964,2011-08-25
965,2011-08-26
966,2011-08-27
967,2011-08-28
968,2011-08-29
969,2011-08-30
970,2011-08-31
971,2011-09-01
972,2011-09-02
973,2011-09-03
974,2011-09-04
975,2011-09-05
976,2011-09-06
977,2011-09-07
978,2011-09-08
979,2011-09-09
980,2011-09-10
981,2011-09-11
982,2011-09-12
983,2011-09-13
984,2011-09-14
985,2011-09-15
986,2011-09-16
987,2011-09-17
988,2011-09-18
989,2011-09-19
990,2011-09-20
991,2011-09-21
992,2011-09-22
993,2011-09-23
994,2011-09-24
995,2011-09-25
996,2011-09-26
997,2011-09-27
998,2011-09-28
999,2011-09-29
1000,2011-09-30
1001,2011-10-01
1002,2011-10-02
1003,2011-10-03
1004,2011-10-04
1005,2011-10-05
1006,2011-10-06
1007,2011-10-07
1008,2011-10-08
1009,2011-10-09
1010,2011-10-10
1011,2011-10-11
1012,2011-10-12
1013,2011-10-13
1014,2011-10-14
1015,2011-10-15
1016,2011-10-16
1017,2011-10-17
1018,2011-10-18
1019,2011-10-19
1020,2011-10-20
1021,2011-10-21
1022,2011-10-22
1023,2011-10-23
1024,2011-10-24
1025,2011-10-25
1026,2011-10-26
1027,2011-10-27
1028,2011-10-28
1029,2011-10-29
1030,2011-10-30
1031,2011-10-31
1032,2011-11-01
1033,2011-11-02
1034,2011-11-03
1035,2011-11-04
1036,2011-11-05
1037,2011-11-06
1038,2011-11-07
1039,2011-11-08
1040,2011-11-09
1041,2011-11-10
1042,2011-11-11
1043,2011-11-12
1044,2011-11-13
1045,2011-11-14
1046,2011-11-15
1047,2011-11-16
1048,2011-11-17
1049,2011-11-18
1050,2011-11-19
1051,2011-11-20
1052,2011-11-21
1053,2011-11-22
1054,2011-11-23
1055,2011-11-24
1056,2011-11-25
1057,2011-11-26
1058,2011-11-27
1059,2011-11-28
1060,2011-11-29
1061,2011-11-30
1062,2011-12-01
1063,2011-12-02
1064,2011-12-03
1065,2011-12-04
1066,2011-12-05
1067,2011-12-06
1068,2011-12-07
1069,2011-12-08
1070,2011-12-09
1071,2011-12-10
1072,2011-12-11
1073,2011-12-12
1074,2011-12-13
1075,2011-12-14
1076,2011-12-15
1077,2011-12-16
1078,2011-12-17
1079,2011-12-18
1080,2011-12-19
1081,2011-12-20
1082,2011-12-21
1083,2011-12-22
1084,2011-12-23
1085,2011-12-24
1086,2011-12-25
1087,2011-12-26
1088,2011-12-27
1089,2011-12-28
1090,2011-12-29
1091,2011-12-30
1092,2011-12-31
1093,2012-01-01
1094,2012-01-02
1095,2012-01-03
1096,2012-01-04
1097,2012-01-05
1098,2012-01-06
1099,2012-01-07
1100,2012-01-08
1101,2012-01-09
1102,2012-01-10
1103,2012-01-11
1104,2012-01-12
1105,2012-01-13
1106,2012-01-14
1107,2012-01-15
1108,2012-01-16
1109,2012-01-17
1110,2012-01-18
1111,2012-01-19
1112,2012-01-20
1113,2012-01-21
1114,2012-01-22
1115,2012-01-23
1116,2012-01-24
1117,2012-01-25
1118,2012-01-26
1119,2012-01-27
1120,2012-01-28
1121,2012-01-29
1122,2012-01-30
1123,2012-01-31
1124,2012-02-01
1125,2012-02-02
1126,2012-02-03
1127,2012-02-04
1128,2012-02-05
1129,2012-02-06
1130,2012-02-07
1131,2012-02-08
1132,2012-02-09
1133,2012-02-10
1134,2012-02-11
1135,2012-02-12
1136,2012-02-13
1137,2012-02-14
1138,2012-02-15
1139,2012-02-16
1140,2012-02-17
1141,2012-02-18
1142,2012-02-19
1143,2012-02-20
1144,2012-02-21
1145,2012-02-22
1146,2012-02-23
1147,2012-02-24
1148,2012-02-25
1149,2012-02-26
1150,2012-02-27
1151,2012-02-28
1152,2012-02-29
1153,2012-03-01
1154,2012-03-02
1155,2012-03-03
1156,2012-03-04
1157,2012-03-05
1158,2012-03-06
1159,2012-03-07
1160,2012-03-08
1161,2012-03-09
1162,2012-03-10
1163,2012-03-11
1164,2012-03-12
1165,2012-03-13
1166,2012-03-14
1167,2012-03-15
1168,2012-03-16
1169,2012-03-17
1170,2012-03-18
1171,2012-03-19
1172,2012-03-20
1173,2012-03-21
1174,2012-03-22
1175,2012-03-23
1176,2012-03-24
1177,2012-03-25
1178,2012-03-26
1179,2012-03-27
1180,2012-03-28
1181,2012-03-29
1182,2012-03-30
1183,2012-03-31
1184,2012-04-01
1185,2012-04-02
1186,2012-04-03
1187,2012-04-04
1188,2012-04-05
1189,2012-04-06
1190,2012-04-07
1191,2012-04-08
1192,2012-04-09
1193,2012-04-10
1194,2012-04-11
1195,2012-04-12
1196,2012-04-13
1197,2012-04-14
1198,2012-04-15
1199,2012-04-16
1200,2012-04-17
1201,2012-04-18
1202,2012-04-19
1203,2012-04-20
1204,2012-04-21
1205,2012-04-22
1206,2012-04-23
1207,2012-04-24
1208,2012-04-25
1209,2012-04-26
1210,2012-04-27
1211,2012-04-28
1212,2012-04-29
1213,2012-04-30
1214,2012-05-01
1215,2012-05-02
1216,2012-05-03
1217,2012-05-04
1218,2012-05-05
1219,2012-05-06
1220,2012-05-07
1221,2012-05-08
1222,2012-05-09
1223,2012-05-10
1224,2012-05-11
1225,2012-05-12
1226,2012-05-13
1227,2012-05-14
1228,2012-05-15
1229,2012-05-16
1230,2012-05-17
1231,2012-05-18
1232,2012-05-19
1233,2012-05-20
1234,2012-05-21
1235,2012-05-22
1236,2012-05-23
1237,2012-05-24
1238,2012-05-25
1239,2012-05-26
1240,2012-05-27
1241,2012-05-28
1242,2012-05-29
1243,2012-05-30
1244,2012-05-31
1245,2012-06-01
1246,2012-06-02
1247,2012-06-03
1248,2012-06-04
1249,2012-06-05
1250,2012-06-06
1251,2012-06-07
1252,2012-06-08
1253,2012-06-09
1254,2012-06-10
1255,2012-06-11
1256,2012-06-12
1257,2012-06-13
1258,2012-06-14
1259,2012-06-15
1260,2012-06-16
1261,2012-06-17
1262,2012-06-18
1263,2012-06-19
1264,2012-06-20
1265,2012-06-21
1266,2012-06-22
1267,2012-06-23
1268,2012-06-24
1269,2012-06-25
1270,2012-06-26
1271,2012-06-27
1272,2012-06-28
1273,2012-06-29
1274,2012-06-30
1275,2012-07-01
1276,2012-07-02
1277,2012-07-03
1278,2012-07-04
1279,2012-07-05
1280,2012-07-06
1281,2012-07-07
1282,2012-07-08
1283,2012-07-09
1284,2012-07-10
1285,2012-07-11
1286,2012-07-12
1287,2012-07-13
1288,2012-07-14
1289,2012-07-15
1290,2012-07-16
1291,2012-07-17
1292,2012-07-18
1293,2012-07-19
1294,2012-07-20
1295,2012-07-21
1296,2012-07-22
1297,2012-07-23
1298,2012-07-24
1299,2012-07-25
1300,2012-07-26
1301,2012-07-27
1302,2012-07-28
1303,2012-07-29
1304,2012-07-30
1305,2012-07-31
1306,2012-08-01
1307,2012-08-02
1308,2012-08-03
1309,2012-08-04
1310,2012-08-05
1311,2012-08-06
1312,2012-08-07
1313,2012-08-08
1314,2012-08-09
1315,2012-08-10
1316,2012-08-11
1317,2012-08-12
1318,2012-08-13
1319,2012-08-14
1320,2012-08-15
1321,2012-08-16
1322,2012-08-17
1323,2012-08-18
1324,2012-08-19
1325,2012-08-20
1326,2012-08-21
1327,2012-08-22
1328,2012-08-23
1329,2012-08-24
1330,2012-08-25
1331,2012-08-26
1332,2012-08-27
1333,2012-08-28
1334,2012-08-29
1335,2012-08-30
1336,2012-08-31
1337,2012-09-01
1338,2012-09-02
1339,2012-09-03
1340,2012-09-04
1341,2012-09-05
1342,2012-09-06
1343,2012-09-07
1344,2012-09-08
1345,2012-09-09
1346,2012-09-10
1347,2012-09-11
1348,2012-09-12
1349,2012-09-13
1350,2012-09-14
1351,2012-09-15
1352,2012-09-16
1353,2012-09-17
1354,2012-09-18
1355,2012-09-19
1356,2012-09-20
1357,2012-09-21
1358,2012-09-22
1359,2012-09-23
1360,2012-09-24
1361,2012-09-25
1362,2012-09-26
1363,2012-09-27
1364,2012-09-28
1365,2012-09-29
1366,2012-09-30
1367,2012-10-01
1368,2012-10-02
1369,2012-10-03
1370,2012-10-04
1371,2012-10-05
1372,2012-10-06
1373,2012-10-07
1374,2012-10-08
1375,2012-10-09
1376,2012-10-10
1377,2012-10-11
1378,2012-10-12
1379,2012-10-13
1380,2012-10-14
1381,2012-10-15
1382,2012-10-16
1383,2012-10-17
1384,2012-10-18
1385,2012-10-19
1386,2012-10-20
1387,2012-10-21
1388,2012-10-22
1389,2012-10-23
1390,2012-10-24
1391,2012-10-25
1392,2012-10-26
1393,2012-10-27
1394,2012-10-28
1395,2012-10-29
1396,2012-10-30
1397,2012-10-31
1398,2012-11-01
1399,2012-11-02
1400,2012-11-03
1401,2012-11-04
1402,2012-11-05
1403,2012-11-06
1404,2012-11-07
1405,2012-11-08
1406,2012-11-09
1407,2012-11-10
1408,2012-11-11
1409,2012-11-12
1410,2012-11-13
1411,2012-11-14
1412,2012-11-15
1413,2012-11-16
1414,2012-11-17
1415,2012-11-18
1416,2012-11-19
1417,2012-11-20
1418,2012-11-21
1419,2012-11-22
1420,2012-11-23
1421,2012-11-24
1422,2012-11-25
1423,2012-11-26
1424,2012-11-27
1425,2012-11-28
1426,2012-11-29
1427,2012-11-30
1428,2012-12-01
1429,2012-12-02
1430,2012-12-03
1431,2012-12-04
1432,2012-12-05
1433,2012-12-06
1434,2012-12-07
1435,2012-12-08
1436,2012-12-09
1437,2012-12-10
1438,2012-12-11
1439,2012-12-12
1440,2012-12-13
1441,2012-12-14
1442,2012-12-15
1443,2012-12-16
1444,2012-12-17
1445,2012-12-18
1446,2012-12-19
1447,2012-12-20
1448,2012-12-21
1449,2012-12-22
1450,2012-12-23
1451,2012-12-24
1452,2012-12-25
1453,2012-12-26
1454,2012-12-27
1455,2012-12-28
1456,2012-12-29
1457,2012-12-30
1458,2012-12-31
1459,2013-01-01
1460,2013-01-02
1461,2013-01-03
1462,2013-01-04
1463,2013-01-05
1464,2013-01-06
1465,2013-01-07
1466,2013-01-08
1467,2013-01-09
1468,2013-01-10
1469,2013-01-11
1470,2013-01-12
1471,2013-01-13
1472,2013-01-14
1473,2013-01-15
1474,2013-01-16
1475,2013-01-17
1476,2013-01-18
1477,2013-01-19
1478,2013-01-20
1479,2013-01-21
1480,2013-01-22
1481,2013-01-23
1482,2013-01-24
1483,2013-01-25
1484,2013-01-26
1485,2013-01-27
1486,2013-01-28
1487,2013-01-29
1488,2013-01-30
1489,2013-01-31
1490,2013-02-01
1491,2013-02-02
1492,2013-02-03
1493,2013-02-04
1494,2013-02-05
1495,2013-02-06
1496,2013-02-07
1497,2013-02-08
1498,2013-02-09
1499,2013-02-10
1500,2013-02-11
1501,2013-02-12
1502,2013-02-13
1503,2013-02-14
1504,2013-02-15
1505,2013-02-16
1506,2013-02-17
1507,2013-02-18
1508,2013-02-19
1509,2013-02-20
1510,2013-02-21
1511,2013-02-22
1512,2013-02-23
1513,2013-02-24
1514,2013-02-25
1515,2013-02-26
1516,2013-02-27
1517,2013-02-28
1518,2013-03-01
1519,2013-03-02
1520,2013-03-03
1521,2013-03-04
1522,2013-03-05
1523,2013-03-06
1524,2013-03-07
1525,2013-03-08
1526,2013-03-09
1527,2013-03-10
1528,2013-03-11
1529,2013-03-12
1530,2013-03-13
1531,2013-03-14
1532,2013-03-15
1533,2013-03-16
1534,2013-03-17
1535,2013-03-18
1536,2013-03-19
1537,2013-03-20
1538,2013-03-21
1539,2013-03-22
1540,2013-03-23
1541,2013-03-24
1542,2013-03-25
1543,2013-03-26
1544,2013-03-27
1545,2013-03-28
1546,2013-03-29
1547,2013-03-30
1548,2013-03-31
1549,2013-04-01
1550,2013-04-02
1551,2013-04-03
1552,2013-04-04
1553,2013-04-05
1554,2013-04-06
1555,2013-04-07
1556,2013-04-08
1557,2013-04-09
1558,2013-04-10
1559,2013-04-11
1560,2013-04-12
1561,2013-04-13
1562,2013-04-14
1563,2013-04-15
1564,2013-04-16
1565,2013-04-17
1566,2013-04-18
1567,2013-04-19
1568,2013-04-20
1569,2013-04-21
1570,2013-04-22
1571,2013-04-23
1572,2013-04-24
1573,2013-04-25
1574,2013-04-26
1575,2013-04-27
1576,2013-04-28
1577,2013-04-29
1578,2013-04-30
1579,2013-05-01
1580,2013-05-02
1581,2013-05-03
1582,2013-05-04
1583,2013-05-05
1584,2013-05-06
1585,2013-05-07
1586,2013-05-08
1587,2013-05-09
1588,2013-05-10
1589,2013-05-11
1590,2013-05-12
1591,2013-05-13
1592,2013-05-14
1593,2013-05-15
1594,2013-05-16
1595,2013-05-17
1596,2013-05-18
1597,2013-05-19
1598,2013-05-20
1599,2013-05-21
1600,2013-05-22
1601,2013-05-23
1602,2013-05-24
1603,2013-05-25
1604,2013-05-26
1605,2013-05-27
1606,2013-05-28
1607,2013-05-29
1608,2013-05-30
1609,2013-05-31
1610,2013-06-01
1611,2013-06-02
1612,2013-06-03
1613,2013-06-04
1614,2013-06-05
1615,2013-06-06
1616,2013-06-07
1617,2013-06-08
1618,2013-06-09
1619,2013-06-10
1620,2013-06-11
1621,2013-06-12
1622,2013-06-13
1623,2013-06-14
1624,2013-06-15
1625,2013-06-16
1626,2013-06-17
1627,2013-06-18
1628,2013-06-19
1629,2013-06-20
1630,2013-06-21
1631,2013-06-22
1632,2013-06-23
1633,2013-06-24
1634,2013-06-25
1635,2013-06-26
1636,2013-06-27
1637,2013-06-28
1638,2013-06-29
1639,2013-06-30
1640,2013-07-01
1641,2013-07-02
1642,2013-07-03
1643,2013-07-04
1644,2013-07-05
1645,2013-07-06
1646,2013-07-07
1647,2013-07-08
1648,2013-07-09
1649,2013-07-10
1650,2013-07-11
1651,2013-07-12
1652,2013-07-13
1653,2013-07-14
1654,2013-07-15
1655,2013-07-16
1656,2013-07-17
1657,2013-07-18
1658,2013-07-19
1659,2013-07-20
1660,2013-07-21
1661,2013-07-22
1662,2013-07-23
1663,2013-07-24
1664,2013-07-25
1665,2013-07-26
1666,2013-07-27
1667,2013-07-28
1668,2013-07-29
1669,2013-07-30
1670,2013-07-31
1671,2013-08-01
1672,2013-08-02
1673,2013-08-03
1674,2013-08-04
1675,2013-08-05
1676,2013-08-06
1677,2013-08-07
1678,2013-08-08
1679,2013-08-09
1680,2013-08-10
1681,2013-08-11
1682,2013-08-12
1683,2013-08-13
1684,2013-08-14
1685,2013-08-15
1686,2013-08-16
1687,2013-08-17
1688,2013-08-18
1689,2013-08-19
1690,2013-08-20
1691,2013-08-21
1692,2013-08-22
1693,2013-08-23
1694,2013-08-24
1695,2013-08-25
1696,2013-08-26
1697,2013-08-27
1698,2013-08-28
1699,2013-08-29
1700,2013-08-30
1701,2013-08-31
1702,2013-09-01
1703,2013-09-02
1704,2013-09-03
1705,2013-09-04
1706,2013-09-05
1707,2013-09-06
1708,2013-09-07
1709,2013-09-08
1710,2013-09-09
1711,2013-09-10
1712,2013-09-11
1713,2013-09-12
1714,2013-09-13
1715,2013-09-14
1716,2013-09-15
1717,2013-09-16
1718,2013-09-17
1719,2013-09-18
1720,2013-09-19
1721,2013-09-20
1722,2013-09-21
1723,2013-09-22
1724,2013-09-23
1725,2013-09-24
1726,2013-09-25
1727,2013-09-26
1728,2013-09-27
1729,2013-09-28
1730,2013-09-29
1731,2013-09-30
1732,2013-10-01
1733,2013-10-02
1734,2013-10-03
1735,2013-10-04
1736,2013-10-05
1737,2013-10-06
1738,2013-10-07
1739,2013-10-08
1740,2013-10-09
1741,2013-10-10
1742,2013-10-11
1743,2013-10-12
1744,2013-10-13
1745,2013-10-14
1746,2013-10-15
1747,2013-10-16
1748,2013-10-17
1749,2013-10-18
1750,2013-10-19
1751,2013-10-20
1752,2013-10-21
1753,2013-10-22
1754,2013-10-23
1755,2013-10-24
1756,2013-10-25
1757,2013-10-26
1758,2013-10-27
1759,2013-10-28
1760,2013-10-29
1761,2013-10-30
1762,2013-10-31
1763,2013-11-01
1764,2013-11-02
1765,2013-11-03
1766,2013-11-04
1767,2013-11-05
1768,2013-11-06
1769,2013-11-07
1770,2013-11-08
1771,2013-11-09
1772,2013-11-10
1773,2013-11-11
1774,2013-11-12
1775,2013-11-13
1776,2013-11-14
1777,2013-11-15
1778,2013-11-16
1779,2013-11-17
1780,2013-11-18
1781,2013-11-19
1782,2013-11-20
1783,2013-11-21
1784,2013-11-22
1785,2013-11-23
1786,2013-11-24
1787,2013-11-25
1788,2013-11-26
1789,2013-11-27
1790,2013-11-28
1791,2013-11-29
1792,2013-11-30
1793,2013-12-01
1794,2013-12-02
1795,2013-12-03
1796,2013-12-04
1797,2013-12-05
1798,2013-12-06
1799,2013-12-07
1800,2013-12-08
1801,2013-12-09
1802,2013-12-10
1803,2013-12-11
1804,2013-12-12
1805,2013-12-13
1806,2013-12-14
1807,2013-12-15
1808,2013-12-16
1809,2013-12-17
1810,2013-12-18
1811,2013-12-19
1812,2013-12-20
1813,2013-12-21
1814,2013-12-22
1815,2013-12-23
1816,2013-12-24
1817,2013-12-25
1818,2013-12-26
1819,2013-12-27
1820,2013-12-28
1821,2013-12-29
1822,2013-12-30
1823,2013-12-31
1824,2014-01-01
1825,2014-01-02
1826,2014-01-03
1827,2014-01-04
1828,2014-01-05
1829,2014-01-06
1830,2014-01-07
1831,2014-01-08
1832,2014-01-09
1833,2014-01-10
1834,2014-01-11
1835,2014-01-12
1836,2014-01-13
1837,2014-01-14
1838,2014-01-15
1839,2014-01-16
1840,2014-01-17
1841,2014-01-18
1842,2014-01-19
1843,2014-01-20
1844,2014-01-21
1845,2014-01-22
1846,2014-01-23
1847,2014-01-24
1848,2014-01-25
1849,2014-01-26
1850,2014-01-27
1851,2014-01-28
1852,2014-01-29
1853,2014-01-30
1854,2014-01-31
1855,2014-02-01
1856,2014-02-02
1857,2014-02-03
1858,2014-02-04
1859,2014-02-05
1860,2014-02-06
1861,2014-02-07
1862,2014-02-08
1863,2014-02-09
1864,2014-02-10
1865,2014-02-11
1866,2014-02-12
1867,2014-02-13
1868,2014-02-14
1869,2014-02-15
1870,2014-02-16
1871,2014-02-17
1872,2014-02-18
1873,2014-02-19
1874,2014-02-20
1875,2014-02-21
1876,2014-02-22
1877,2014-02-23
1878,2014-02-24
1879,2014-02-25
1880,2014-02-26
1881,2014-02-27
1882,2014-02-28
1883,2014-03-01
1884,2014-03-02
1885,2014-03-03
1886,2014-03-04
1887,2014-03-05
1888,2014-03-06
1889,2014-03-07
1890,2014-03-08
1891,2014-03-09
1892,2014-03-10
1893,2014-03-11
1894,2014-03-12
1895,2014-03-13
1896,2014-03-14
1897,2014-03-15
1898,2014-03-16
1899,2014-03-17
1900,2014-03-18
1901,2014-03-19
1902,2014-03-20
1903,2014-03-21
1904,2014-03-22
1905,2014-03-23
1906,2014-03-24
1907,2014-03-25
1908,2014-03-26
1909,2014-03-27
1910,2014-03-28
1911,2014-03-29
1912,2014-03-30
1913,2014-03-31
1914,2014-04-01
1915,2014-04-02
1916,2014-04-03
1917,2014-04-04
1918,2014-04-05
1919,2014-04-06
1920,2014-04-07
1921,2014-04-08
1922,2014-04-09
1923,2014-04-10
1924,2014-04-11
1925,2014-04-12
1926,2014-04-13
1927,2014-04-14
1928,2014-04-15
1929,2014-04-16
1930,2014-04-17
1931,2014-04-18
1932,2014-04-19
1933,2014-04-20
1934,2014-04-21
1935,2014-04-22
1936,2014-04-23
1937,2014-04-24
1938,2014-04-25
1939,2014-04-26
1940,2014-04-27
1941,2014-04-28
1942,2014-04-29
1943,2014-04-30
1944,2014-05-01
1945,2014-05-02
1946,2014-05-03
1947,2014-05-04
1948,2014-05-05
1949,2014-05-06
1950,2014-05-07
1951,2014-05-08
1952,2014-05-09
1953,2014-05-10
1954,2014-05-11
1955,2014-05-12
1956,2014-05-13
1957,2014-05-14
1958,2014-05-15
1959,2014-05-16
1960,2014-05-17
1961,2014-05-18
1962,2014-05-19
1963,2014-05-20
1964,2014-05-21
1965,2014-05-22
1966,2014-05-23
1967,2014-05-24
1968,2014-05-25
1969,2014-05-26
1970,2014-05-27
1971,2014-05-28
1972,2014-05-29
1973,2014-05-30
1974,2014-05-31
1975,2014-06-01
1976,2014-06-02
1977,2014-06-03
1978,2014-06-04
1979,2014-06-05
1980,2014-06-06
1981,2014-06-07
1982,2014-06-08
1983,2014-06-09
1984,2014-06-10
1985,2014-06-11
1986,2014-06-12
1987,2014-06-13
1988,2014-06-14
1989,2014-06-15
1990,2014-06-16
1991,2014-06-17
1992,2014-06-18
1993,2014-06-19
1994,2014-06-20
1995,2014-06-21
1996,2014-06-22
1997,2014-06-23
1998,2014-06-24
1999,2014-06-25
2000,2014-06-26
2001,2014-06-27
2002,2014-06-28
2003,2014-06-29
2004,2014-06-30
2005,2014-07-01
2006,2014-07-02
2007,2014-07-03
2008,2014-07-04
2009,2014-07-05
2010,2014-07-06
2011,2014-07-07
2012,2014-07-08
2013,2014-07-09
2014,2014-07-10
2015,2014-07-11
2016,2014-07-12
2017,2014-07-13
2018,2014-07-14
2019,2014-07-15
2020,2014-07-16
2021,2014-07-17
2022,2014-07-18
2023,2014-07-19
2024,2014-07-20
2025,2014-07-21
2026,2014-07-22
2027,2014-07-23
2028,2014-07-24
2029,2014-07-25
2030,2014-07-26
2031,2014-07-27
2032,2014-07-28
2033,2014-07-29
2034,2014-07-30
2035,2014-07-31
2036,2014-08-01
2037,2014-08-02
2038,2014-08-03
2039,2014-08-04
2040,2014-08-05
2041,2014-08-06
2042,2014-08-07
2043,2014-08-08
2044,2014-08-09
2045,2014-08-10
2046,2014-08-11
2047,2014-08-12
2048,2014-08-13
2049,2014-08-14
2050,2014-08-15
2051,2014-08-16
2052,2014-08-17
2053,2014-08-18
2054,2014-08-19
2055,2014-08-20
2056,2014-08-21
2057,2014-08-22
2058,2014-08-23
2059,2014-08-24
2060,2014-08-25
2061,2014-08-26
2062,2014-08-27
2063,2014-08-28
2064,2014-08-29
2065,2014-08-30
2066,2014-08-31
2067,2014-09-01
2068,2014-09-02
2069,2014-09-03
2070,2014-09-04
2071,2014-09-05
2072,2014-09-06
2073,2014-09-07
2074,2014-09-08
2075,2014-09-09
2076,2014-09-10
2077,2014-09-11
2078,2014-09-12
2079,2014-09-13
2080,2014-09-14
2081,2014-09-15
2082,2014-09-16
2083,2014-09-17
2084,2014-09-18
2085,2014-09-19
2086,2014-09-20
2087,2014-09-21
2088,2014-09-22
2089,2014-09-23
2090,2014-09-24
2091,2014-09-25
2092,2014-09-26
2093,2014-09-27
2094,2014-09-28
2095,2014-09-29
2096,2014-09-30
2097,2014-10-01
2098,2014-10-02
2099,2014-10-03
2100,2014-10-04
2101,2014-10-05
2102,2014-10-06
2103,2014-10-07
2104,2014-10-08
2105,2014-10-09
2106,2014-10-10
2107,2014-10-11
2108,2014-10-12
2109,2014-10-13
2110,2014-10-14
2111,2014-10-15
2112,2014-10-16
2113,2014-10-17
2114,2014-10-18
2115,2014-10-19
2116,2014-10-20
2117,2014-10-21
2118,2014-10-22
2119,2014-10-23
2120,2014-10-24
2121,2014-10-25
2122,2014-10-26
2123,2014-10-27
2124,2014-10-28
2125,2014-10-29
2126,2014-10-30
2127,2014-10-31
2128,2014-11-01
2129,2014-11-02
2130,2014-11-03
2131,2014-11-04
2132,2014-11-05
2133,2014-11-06
2134,2014-11-07
2135,2014-11-08
2136,2014-11-09
2137,2014-11-10
2138,2014-11-11
2139,2014-11-12
2140,2014-11-13
2141,2014-11-14
2142,2014-11-15
2143,2014-11-16
2144,2014-11-17
2145,2014-11-18
2146,2014-11-19
2147,2014-11-20
2148,2014-11-21
2149,2014-11-22
2150,2014-11-23
2151,2014-11-24
2152,2014-11-25
2153,2014-11-26
2154,2014-11-27
2155,2014-11-28
2156,2014-11-29
2157,2014-11-30
2158,2014-12-01
2159,2014-12-02
2160,2014-12-03
2161,2014-12-04
2162,2014-12-05
2163,2014-12-06
2164,2014-12-07
2165,2014-12-08
2166,2014-12-09
2167,2014-12-10
2168,2014-12-11
2169,2014-12-12
2170,2014-12-13
2171,2014-12-14
2172,2014-12-15
2173,2014-12-16
2174,2014-12-17
2175,2014-12-18
2176,2014-12-19
2177,2014-12-20
2178,2014-12-21
2179,2014-12-22
2180,2014-12-23
2181,2014-12-24
2182,2014-12-25
2183,2014-12-26
2184,2014-12-27
2185,2014-12-28
2186,2014-12-29
2187,2014-12-30
2188,2014-12-31
2189,2015-01-01
2190,2015-01-02
2191,2015-01-03
2192,2015-01-04
2193,2015-01-05
2194,2015-01-06
2195,2015-01-07
2196,2015-01-08
2197,2015-01-09
2198,2015-01-10
2199,2015-01-11
2200,2015-01-12
2201,2015-01-13
2202,2015-01-14
2203,2015-01-15
2204,2015-01-16
2205,2015-01-17
2206,2015-01-18
2207,2015-01-19
2208,2015-01-20
2209,2015-01-21
2210,2015-01-22
2211,2015-01-23
2212,2015-01-24
2213,2015-01-25
2214,2015-01-26
2215,2015-01-27
2216,2015-01-28
2217,2015-01-29
2218,2015-01-30
2219,2015-01-31
2220,2015-02-01
2221,2015-02-02
2222,2015-02-03
2223,2015-02-04
2224,2015-02-05
2225,2015-02-06
2226,2015-02-07
2227,2015-02-08
2228,2015-02-09
2229,2015-02-10
2230,2015-02-11
2231,2015-02-12
2232,2015-02-13
2233,2015-02-14
2234,2015-02-15
2235,2015-02-16
2236,2015-02-17
2237,2015-02-18
2238,2015-02-19
2239,2015-02-20
2240,2015-02-21
2241,2015-02-22
2242,2015-02-23
2243,2015-02-24
2244,2015-02-25
2245,2015-02-26
2246,2015-02-27
2247,2015-02-28
2248,2015-03-01
2249,2015-03-02
2250,2015-03-03
2251,2015-03-04
2252,2015-03-05
2253,2015-03-06
2254,2015-03-07
2255,2015-03-08
2256,2015-03-09
2257,2015-03-10
2258,2015-03-11
2259,2015-03-12
2260,2015-03-13
2261,2015-03-14
2262,2015-03-15
2263,2015-03-16
2264,2015-03-17
2265,2015-03-18
2266,2015-03-19
2267,2015-03-20
2268,2015-03-21
2269,2015-03-22
2270,2015-03-23
2271,2015-03-24
2272,2015-03-25
2273,2015-03-26
2274,2015-03-27
2275,2015-03-28
2276,2015-03-29
2277,2015-03-30
2278,2015-03-31
2279,2015-04-01
2280,2015-04-02
2281,2015-04-03
2282,2015-04-04
2283,2015-04-05
2284,2015-04-06
2285,2015-04-07
2286,2015-04-08
2287,2015-04-09
2288,2015-04-10
2289,2015-04-11
2290,2015-04-12
2291,2015-04-13
2292,2015-04-14
2293,2015-04-15
2294,2015-04-16
2295,2015-04-17
2296,2015-04-18
2297,2015-04-19
2298,2015-04-20
2299,2015-04-21
2300,2015-04-22
2301,2015-04-23
2302,2015-04-24
2303,2015-04-25
2304,2015-04-26
2305,2015-04-27
2306,2015-04-28
2307,2015-04-29
2308,2015-04-30
2309,2015-05-01
2310,2015-05-02
2311,2015-05-03
2312,2015-05-04
2313,2015-05-05
2314,2015-05-06
2315,2015-05-07
2316,2015-05-08
2317,2015-05-09
2318,2015-05-10
2319,2015-05-11
2320,2015-05-12
2321,2015-05-13
2322,2015-05-14
2323,2015-05-15
2324,2015-05-16
2325,2015-05-17
2326,2015-05-18
2327,2015-05-19
2328,2015-05-20
2329,2015-05-21
2330,2015-05-22
2331,2015-05-23
2332,2015-05-24
2333,2015-05-25
2334,2015-05-26
2335,2015-05-27
2336,2015-05-28
2337,2015-05-29
2338,2015-05-30
2339,2015-05-31
2340,2015-06-01
2341,2015-06-02
2342,2015-06-03
2343,2015-06-04
2344,2015-06-05
2345,2015-06-06
2346,2015-06-07
2347,2015-06-08
2348,2015-06-09
2349,2015-06-10
2350,2015-06-11
2351,2015-06-12
2352,2015-06-13
2353,2015-06-14
2354,2015-06-15
2355,2015-06-16
2356,2015-06-17
2357,2015-06-18
2358,2015-06-19
2359,2015-06-20
2360,2015-06-21
2361,2015-06-22
2362,2015-06-23
2363,2015-06-24
2364,2015-06-25
2365,2015-06-26
2366,2015-06-27
2367,2015-06-28
2368,2015-06-29
2369,2015-06-30
2370,2015-07-01
2371,2015-07-02
2372,2015-07-03
2373,2015-07-04
2374,2015-07-05
2375,2015-07-06
2376,2015-07-07
2377,2015-07-08
2378,2015-07-09
2379,2015-07-10
2380,2015-07-11
2381,2015-07-12
2382,2015-07-13
2383,2015-07-14
2384,2015-07-15
2385,2015-07-16
2386,2015-07-17
2387,2015-07-18
2388,2015-07-19
2389,2015-07-20
2390,2015-07-21
2391,2015-07-22
2392,2015-07-23
2393,2015-07-24
2394,2015-07-25
2395,2015-07-26
2396,2015-07-27
2397,2015-07-28
2398,2015-07-29
2399,2015-07-30
2400,2015-07-31
2401,2015-08-01
2402,2015-08-02
2403,2015-08-03
2404,2015-08-04
2405,2015-08-05
2406,2015-08-06
2407,2015-08-07
2408,2015-08-08
2409,2015-08-09
2410,2015-08-10
2411,2015-08-11
2412,2015-08-12
2413,2015-08-13
2414,2015-08-14
2415,2015-08-15
2416,2015-08-16
2417,2015-08-17
2418,2015-08-18
2419,2015-08-19
2420,2015-08-20
2421,2015-08-21
2422,2015-08-22
2423,2015-08-23
2424,2015-08-24
2425,2015-08-25
2426,2015-08-26
2427,2015-08-27
2428,2015-08-28
2429,2015-08-29
2430,2015-08-30
2431,2015-08-31
2432,2015-09-01
2433,2015-09-02
2434,2015-09-03
2435,2015-09-04
2436,2015-09-05
2437,2015-09-06
2438,2015-09-07
2439,2015-09-08
2440,2015-09-09
2441,2015-09-10
2442,2015-09-11
2443,2015-09-12
2444,2015-09-13
2445,2015-09-14
2446,2015-09-15
2447,2015-09-16
2448,2015-09-17
2449,2015-09-18
2450,2015-09-19
2451,2015-09-20
2452,2015-09-21
2453,2015-09-22
2454,2015-09-23
2455,2015-09-24
2456,2015-09-25
2457,2015-09-26
2458,2015-09-27
2459,2015-09-28
2460,2015-09-29
2461,2015-09-30
2462,2015-10-01
2463,2015-10-02
2464,2015-10-03
2465,2015-10-04
2466,2015-10-05
2467,2015-10-06
2468,2015-10-07
2469,2015-10-08
2470,2015-10-09
2471,2015-10-10
2472,2015-10-11
2473,2015-10-12
2474,2015-10-13
2475,2015-10-14
2476,2015-10-15
2477,2015-10-16
2478,2015-10-17
2479,2015-10-18
2480,2015-10-19
2481,2015-10-20
2482,2015-10-21
2483,2015-10-22
2484,2015-10-23
2485,2015-10-24
2486,2015-10-25
2487,2015-10-26
2488,2015-10-27
2489,2015-10-28
2490,2015-10-29
2491,2015-10-30
2492,2015-10-31
2493,2015-11-01
2494,2015-11-02
2495,2015-11-03
2496,2015-11-04
2497,2015-11-05
2498,2015-11-06
2499,2015-11-07
2500,2015-11-08
2501,2015-11-09
2502,2015-11-10
2503,2015-11-11
2504,2015-11-12
2505,2015-11-13
2506,2015-11-14
2507,2015-11-15
2508,2015-11-16
2509,2015-11-17
2510,2015-11-18
2511,2015-11-19
2512,2015-11-20
2513,2015-11-21
2514,2015-11-22
2515,2015-11-23
2516,2015-11-24
2517,2015-11-25
2518,2015-11-26
2519,2015-11-27
2520,2015-11-28
2521,2015-11-29
2522,2015-11-30
2523,2015-12-01
2524,2015-12-02
2525,2015-12-03
2526,2015-12-04
2527,2015-12-05
2528,2015-12-06
2529,2015-12-07
2530,2015-12-08
2531,2015-12-09
2532,2015-12-10
2533,2015-12-11
2534,2015-12-12
2535,2015-12-13
2536,2015-12-14
2537,2015-12-15
2538,2015-12-16
2539,2015-12-17
2540,2015-12-18
2541,2015-12-19
2542,2015-12-20
2543,2015-12-21
2544,2015-12-22
2545,2015-12-23
2546,2015-12-24
2547,2015-12-25
2548,2015-12-26
2549,2015-12-27
2550,2015-12-28
2551,2015-12-29
2552,2015-12-30
2553,2015-12-31
2554,2016-01-01
2555,2016-01-02
2556,2016-01-03
2557,2016-01-04
2558,2016-01-05
2559,2016-01-06
2560,2016-01-07
2561,2016-01-08
2562,2016-01-09
2563,2016-01-10
2564,2016-01-11
2565,2016-01-12
2566,2016-01-13
2567,2016-01-14
2568,2016-01-15
2569,2016-01-16
2570,2016-01-17
2571,2016-01-18
2572,2016-01-19
2573,2016-01-20
2574,2016-01-21
2575,2016-01-22
2576,2016-01-23
2577,2016-01-24
2578,2016-01-25
2579,2016-01-26
2580,2016-01-27
2581,2016-01-28
2582,2016-01-29
2583,2016-01-30
2584,2016-01-31
2585,2016-02-01
2586,2016-02-02
2587,2016-02-03
2588,2016-02-04
2589,2016-02-05
2590,2016-02-06
2591,2016-02-07
2592,2016-02-08
2593,2016-02-09
2594,2016-02-10
2595,2016-02-11
2596,2016-02-12
2597,2016-02-13
2598,2016-02-14
2599,2016-02-15
2600,2016-02-16
2601,2016-02-17
2602,2016-02-18
2603,2016-02-19
2604,2016-02-20
2605,2016-02-21
2606,2016-02-22
2607,2016-02-23
2608,2016-02-24
2609,2016-02-25
2610,2016-02-26
2611,2016-02-27
2612,2016-02-28
2613,2016-02-29
2614,2016-03-01
2615,2016-03-02
2616,2016-03-03
2617,2016-03-04
2618,2016-03-05
2619,2016-03-06
2620,2016-03-07
2621,2016-03-08
2622,2016-03-09
2623,2016-03-10
2624,2016-03-11
2625,2016-03-12
2626,2016-03-13
2627,2016-03-14
2628,2016-03-15
2629,2016-03-16
2630,2016-03-17
2631,2016-03-18
2632,2016-03-19
2633,2016-03-20
2634,2016-03-21
2635,2016-03-22
2636,2016-03-23
2637,2016-03-24
2638,2016-03-25
2639,2016-03-26
2640,2016-03-27
2641,2016-03-28
2642,2016-03-29
2643,2016-03-30
2644,2016-03-31
2645,2016-04-01
2646,2016-04-02
2647,2016-04-03
2648,2016-04-04
2649,2016-04-05
2650,2016-04-06
2651,2016-04-07
2652,2016-04-08
2653,2016-04-09
2654,2016-04-10
2655,2016-04-11
2656,2016-04-12
2657,2016-04-13
2658,2016-04-14
2659,2016-04-15
2660,2016-04-16
2661,2016-04-17
2662,2016-04-18
2663,2016-04-19
2664,2016-04-20
2665,2016-04-21
2666,2016-04-22
2667,2016-04-23
2668,2016-04-24
2669,2016-04-25
2670,2016-04-26
2671,2016-04-27
2672,2016-04-28
2673,2016-04-29
2674,2016-04-30
2675,2016-05-01
2676,2016-05-02
2677,2016-05-03
2678,2016-05-04
2679,2016-05-05
2680,2016-05-06
2681,2016-05-07
2682,2016-05-08
2683,2016-05-09
2684,2016-05-10
2685,2016-05-11
2686,2016-05-12
2687,2016-05-13
2688,2016-05-14
2689,2016-05-15
2690,2016-05-16
2691,2016-05-17
2692,2016-05-18
2693,2016-05-19
2694,2016-05-20
2695,2016-05-21
2696,2016-05-22
2697,2016-05-23
2698,2016-05-24
2699,2016-05-25
2700,2016-05-26
2701,2016-05-27
2702,2016-05-28
2703,2016-05-29
2704,2016-05-30
2705,2016-05-31
2706,2016-06-01
2707,2016-06-02
2708,2016-06-03
2709,2016-06-04
2710,2016-06-05
2711,2016-06-06
2712,2016-06-07
2713,2016-06-08
2714,2016-06-09
2715,2016-06-10
2716,2016-06-11
2717,2016-06-12
2718,2016-06-13
2719,2016-06-14
2720,2016-06-15
2721,2016-06-16
2722,2016-06-17
2723,2016-06-18
2724,2016-06-19
2725,2016-06-20
2726,2016-06-21
2727,2016-06-22
2728,2016-06-23
2729,2016-06-24
2730,2016-06-25
2731,2016-06-26
2732,2016-06-27
2733,2016-06-28
2734,2016-06-29
2735,2016-06-30
2736,2016-07-01
2737,2016-07-02
2738,2016-07-03
2739,2016-07-04
2740,2016-07-05
2741,2016-07-06
2742,2016-07-07
2743,2016-07-08
2744,2016-07-09
2745,2016-07-10
2746,2016-07-11
2747,2016-07-12
2748,2016-07-13
2749,2016-07-14
2750,2016-07-15
2751,2016-07-16
2752,2016-07-17
2753,2016-07-18
2754,2016-07-19
2755,2016-07-20
2756,2016-07-21
2757,2016-07-22
2758,2016-07-23
2759,2016-07-24
2760,2016-07-25
2761,2016-07-26
2762,2016-07-27
2763,2016-07-28
2764,2016-07-29
2765,2016-07-30
2766,2016-07-31
2767,2016-08-01
2768,2016-08-02
2769,2016-08-03
2770,2016-08-04
2771,2016-08-05
2772,2016-08-06
2773,2016-08-07
2774,2016-08-08
2775,2016-08-09
2776,2016-08-10
2777,2016-08-11
2778,2016-08-12
2779,2016-08-13
2780,2016-08-14
2781,2016-08-15
2782,2016-08-16
2783,2016-08-17
2784,2016-08-18
2785,2016-08-19
2786,2016-08-20
2787,2016-08-21
2788,2016-08-22
2789,2016-08-23
2790,2016-08-24
2791,2016-08-25
2792,2016-08-26
2793,2016-08-27
2794,2016-08-28
2795,2016-08-29
2796,2016-08-30
2797,2016-08-31
2798,2016-09-01
2799,2016-09-02
2800,2016-09-03
2801,2016-09-04
2802,2016-09-05
2803,2016-09-06
2804,2016-09-07
2805,2016-09-08
2806,2016-09-09
2807,2016-09-10
2808,2016-09-11
2809,2016-09-12
2810,2016-09-13
2811,2016-09-14
2812,2016-09-15
2813,2016-09-16
2814,2016-09-17
2815,2016-09-18
2816,2016-09-19
2817,2016-09-20
2818,2016-09-21
2819,2016-09-22
2820,2016-09-23
2821,2016-09-24
2822,2016-09-25
2823,2016-09-26
2824,2016-09-27
2825,2016-09-28
2826,2016-09-29
2827,2016-09-30
2828,2016-10-01
2829,2016-10-02
2830,2016-10-03
2831,2016-10-04
2832,2016-10-05
2833,2016-10-06
2834,2016-10-07
2835,2016-10-08
2836,2016-10-09
2837,2016-10-10
2838,2016-10-11
2839,2016-10-12
2840,2016-10-13
2841,2016-10-14
2842,2016-10-15
2843,2016-10-16
2844,2016-10-17
2845,2016-10-18
2846,2016-10-19
2847,2016-10-20
2848,2016-10-21
2849,2016-10-22
2850,2016-10-23
2851,2016-10-24
2852,2016-10-25
2853,2016-10-26
2854,2016-10-27
2855,2016-10-28
2856,2016-10-29
2857,2016-10-30
2858,2016-10-31
2859,2016-11-01
2860,2016-11-02
2861,2016-11-03
2862,2016-11-04
2863,2016-11-05
2864,2016-11-06
2865,2016-11-07
2866,2016-11-08
2867,2016-11-09
2868,2016-11-10
2869,2016-11-11
2870,2016-11-12
2871,2016-11-13
2872,2016-11-14
2873,2016-11-15
2874,2016-11-16
2875,2016-11-17
2876,2016-11-18
2877,2016-11-19
2878,2016-11-20
2879,2016-11-21
2880,2016-11-22
2881,2016-11-23
2882,2016-11-24
2883,2016-11-25
2884,2016-11-26
2885,2016-11-27
2886,2016-11-28
2887,2016-11-29
2888,2016-11-30
2889,2016-12-01
2890,2016-12-02
2891,2016-12-03
2892,2016-12-04
2893,2016-12-05
2894,2016-12-06
2895,2016-12-07
2896,2016-12-08
2897,2016-12-09
2898,2016-12-10
2899,2016-12-11
2900,2016-12-12
2901,2016-12-13
2902,2016-12-14
2903,2016-12-15
2904,2016-12-16
2905,2016-12-17
2906,2016-12-18
2907,2016-12-19
2908,2016-12-20
2909,2016-12-21
2910,2016-12-22
2911,2016-12-23
2912,2016-12-24
2913,2016-12-25
2914,2016-12-26
2915,2016-12-27
2916,2016-12-28
2917,2016-12-29
2918,2016-12-30
2919,2016-12-31
2920,2017-01-01
2921,2017-01-02
2922,2017-01-03
2923,2017-01-04
2924,2017-01-05
2925,2017-01-06
2926,2017-01-07
2927,2017-01-08
2928,2017-01-09
2929,2017-01-10
2930,2017-01-11
2931,2017-01-12
2932,2017-01-13
2933,2017-01-14
2934,2017-01-15
2935,2017-01-16
2936,2017-01-17
2937,2017-01-18
2938,2017-01-19
2939,2017-01-20
2940,2017-01-21
2941,2017-01-22
2942,2017-01-23
2943,2017-01-24
2944,2017-01-25
2945,2017-01-26
2946,2017-01-27
2947,2017-01-28
2948,2017-01-29
2949,2017-01-30
2950,2017-01-31
2951,2017-02-01
2952,2017-02-02
2953,2017-02-03
2954,2017-02-04
2955,2017-02-05
2956,2017-02-06
2957,2017-02-07
2958,2017-02-08
2959,2017-02-09
2960,2017-02-10
2961,2017-02-11
2962,2017-02-12
2963,2017-02-13
2964,2017-02-14
2965,2017-02-15
2966,2017-02-16
2967,2017-02-17
2968,2017-02-18
2969,2017-02-19
2970,2017-02-20
2971,2017-02-21
2972,2017-02-22
2973,2017-02-23
2974,2017-02-24
2975,2017-02-25
2976,2017-02-26
2977,2017-02-27
2978,2017-02-28
2979,2017-03-01
2980,2017-03-02
2981,2017-03-03
2982,2017-03-04
2983,2017-03-05
2984,2017-03-06
2985,2017-03-07
2986,2017-03-08
2987,2017-03-09
2988,2017-03-10
2989,2017-03-11
2990,2017-03-12
2991,2017-03-13
2992,2017-03-14
2993,2017-03-15
2994,2017-03-16
2995,2017-03-17
2996,2017-03-18
2997,2017-03-19
2998,2017-03-20
2999,2017-03-21
3000,2017-03-22
3001,2017-03-23
3002,2017-03-24
3003,2017-03-25
3004,2017-03-26
3005,2017-03-27
3006,2017-03-28
3007,2017-03-29
3008,2017-03-30
3009,2017-03-31
3010,2017-04-01
3011,2017-04-02
3012,2017-04-03
3013,2017-04-04
3014,2017-04-05
3015,2017-04-06
3016,2017-04-07
3017,2017-04-08
3018,2017-04-09
3019,2017-04-10
3020,2017-04-11
3021,2017-04-12
3022,2017-04-13
3023,2017-04-14
3024,2017-04-15
3025,2017-04-16
3026,2017-04-17
3027,2017-04-18
3028,2017-04-19
3029,2017-04-20
3030,2017-04-21
3031,2017-04-22
3032,2017-04-23
3033,2017-04-24
3034,2017-04-25
3035,2017-04-26
3036,2017-04-27
3037,2017-04-28
3038,2017-04-29
3039,2017-04-30
3040,2017-05-01
3041,2017-05-02
3042,2017-05-03
3043,2017-05-04
3044,2017-05-05
3045,2017-05-06
3046,2017-05-07
3047,2017-05-08
3048,2017-05-09
3049,2017-05-10
3050,2017-05-11
3051,2017-05-12
3052,2017-05-13
3053,2017-05-14
3054,2017-05-15
3055,2017-05-16
3056,2017-05-17
3057,2017-05-18
3058,2017-05-19
3059,2017-05-20
3060,2017-05-21
3061,2017-05-22
3062,2017-05-23
3063,2017-05-24
3064,2017-05-25
3065,2017-05-26
3066,2017-05-27
3067,2017-05-28
3068,2017-05-29
3069,2017-05-30
3070,2017-05-31
3071,2017-06-01
3072,2017-06-02
3073,2017-06-03
3074,2017-06-04
3075,2017-06-05
3076,2017-06-06
3077,2017-06-07
3078,2017-06-08
3079,2017-06-09
3080,2017-06-10
3081,2017-06-11
3082,2017-06-12
3083,2017-06-13
3084,2017-06-14
3085,2017-06-15
3086,2017-06-16
3087,2017-06-17
3088,2017-06-18
3089,2017-06-19
3090,2017-06-20
3091,2017-06-21
3092,2017-06-22
3093,2017-06-23
3094,2017-06-24
3095,2017-06-25
3096,2017-06-26
3097,2017-06-27
3098,2017-06-28
3099,2017-06-29
3100,2017-06-30
3101,2017-07-01
3102,2017-07-02
3103,2017-07-03
3104,2017-07-04
3105,2017-07-05
3106,2017-07-06
3107,2017-07-07
3108,2017-07-08
3109,2017-07-09
3110,2017-07-10
3111,2017-07-11
3112,2017-07-12
3113,2017-07-13
3114,2017-07-14
3115,2017-08-01
3116,2017-08-02
3117,2017-08-03
3118,2017-08-04
3119,2017-08-05
3120,2017-08-06
3121,2017-08-07
3122,2017-08-08
3123,2017-08-09
3124,2017-08-10
3125,2017-08-11
3126,2017-08-12
3127,2017-08-13
3128,2017-08-14
3129,2017-08-15
3130,2017-08-16
3131,2017-08-17
3132,2017-08-18
3133,2017-08-19
3134,2017-08-20
3135,2017-08-21
3136,2017-08-22
3137,2017-08-23
3138,2017-08-24
3139,2017-08-25
3140,2017-08-26
3141,2017-08-27
3142,2017-08-28
3143,2017-08-29
3144,2017-08-30
3145,2017-08-31
3146,2017-09-01
3147,2017-09-02
3148,2017-09-03
3149,2017-09-04
3150,2017-09-05
3151,2017-09-06
3152,2017-09-07
3153,2017-09-08
3154,2017-09-09
3155,2017-09-10
3156,2017-09-11
3157,2017-09-12
3158,2017-09-13
3159,2017-09-14
3160,2017-09-15
3161,2017-09-16
3162,2017-09-20
3163,2017-09-21
3164,2017-09-22
3165,2017-09-23
3166,2017-09-24
3167,2017-09-25
3168,2017-09-26
3169,2017-09-27
3170,2017-09-28
3171,2017-09-29
3172,2017-09-30
3173,2017-10-01
3174,2017-10-02
3175,2017-10-03
3176,2017-10-04
3177,2017-10-05
3178,2017-10-06
3179,2017-10-07
3180,2017-10-08
3181,2017-10-09
3182,2017-10-10
3183,2017-10-11
3184,2017-10-12
3185,2017-10-13
3186,2017-10-14
3187,2017-10-15
3188,2017-10-16
3189,2017-10-17
3190,2017-10-18
3191,2017-10-19
3192,2017-10-20
3193,2017-10-21
3194,2017-10-22
3195,2017-10-23
3196,2017-10-24
3197,2017-10-25
3198,2017-10-26
3199,2017-10-27
3200,2017-10-28
3201,2017-10-29
3202,2017-10-30
3203,2017-10-31
3204,2017-11-01
3205,2017-11-02
3206,2017-11-03
3207,2017-11-04
3208,2017-11-05
3209,2017-11-06
3210,2017-11-07
3211,2017-11-08
3212,2017-11-09
3213,2017-11-10
3214,2017-11-11
3215,2017-11-12
3216,2017-11-13
3217,2017-11-14
3218,2017-11-15
3219,2017-11-16
3220,2017-11-17
3221,2017-11-18
3222,2017-11-19
3223,2017-11-20
3224,2017-11-21
3225,2017-11-22
3226,2017-11-23
3227,2017-11-24
3228,2017-11-25
3229,2017-11-26
3230,2017-11-27
3231,2017-11-28
3232,2017-11-29
3233,2017-11-30
3234,2017-12-01
3235,2017-12-02
3236,2017-12-03
3237,2017-12-04
3238,2017-12-05
3239,2017-12-06
3240,2017-12-07
3241,2017-12-08
3242,2017-12-09
3243,2017-12-10
3244,2017-12-11
3245,2017-12-12
3246,2017-12-13
3247,2017-12-14
3248,2017-12-15
3249,2017-12-16
3250,2017-12-17
3251,2017-12-18
3252,2017-12-19
3253,2017-12-20
3254,2017-12-21
3255,2017-12-22
3256,2017-12-23
3257,2017-12-24
3258,2017-12-25
3259,2017-12-26
3260,2017-12-27
3261,2017-12-28
3262,2017-12-29
3263,2017-12-30
3264,2017-12-31
3265,2018-01-01
3266,2018-01-02
3267,2018-01-03
3268,2018-01-04
3269,2018-01-05
3270,2018-01-06
3271,2018-01-07
3272,2018-01-08
3273,2018-01-09
3274,2018-01-10
3275,2018-01-11
3276,2018-01-12
3277,2018-01-13
3278,2018-01-14
3279,2018-01-15
3280,2018-01-16
3281,2018-01-17
3282,2018-01-18
3283,2018-01-19
3284,2018-01-20
3285,2018-01-21
3286,2018-01-22
3287,2018-01-23
3288,2018-01-24
3289,2018-01-25
3290,2018-01-26
3291,2018-01-27
3292,2018-01-28
3293,2018-01-29
3294,2018-01-30
3295,2018-01-31
3296,2018-02-01
3297,2018-02-02
3298,2018-02-03
3299,2018-02-04
3300,2018-02-05
3301,2018-02-06
3302,2018-02-07
3303,2018-02-08
3304,2018-02-09
3305,2018-02-10
3306,2018-02-11
3307,2018-02-12
3308,2018-02-13
3309,2018-02-14
3310,2018-02-15
3311,2018-02-16
3312,2018-02-17
3313,2018-02-18
3314,2018-02-19
3315,2018-02-20
3316,2018-02-21
3317,2018-02-22
3318,2018-02-23
3319,2018-02-24
3320,2018-02-25
3321,2018-02-26
3322,2018-02-27
3323,2018-02-28
3324,2018-03-01
3325,2018-03-02
3326,2018-03-03
3327,2018-03-04
3328,2018-03-05
3329,2018-03-06
3330,2018-03-07
3331,2018-03-08
3332,2018-03-09
3333,2018-03-10
3334,2018-03-11
3335,2018-03-12
3336,2018-03-13
3337,2018-03-14
3338,2018-03-15
3339,2018-03-16
3340,2018-03-17
3341,2018-03-18
3342,2018-03-19
3343,2018-03-20
3344,2018-03-21
3345,2018-03-22
3346,2018-03-23
3347,2018-03-24
3348,2018-03-25
3349,2018-03-26
3350,2018-03-27
3351,2018-03-28
3352,2018-03-29
3353,2018-03-30
3354,2018-03-31
3355,2018-04-01
3356,2018-04-02
3357,2018-04-03
3358,2018-04-04
3359,2018-04-05
3360,2018-04-06
3361,2018-04-07
3362,2018-04-08
3363,2018-04-09
3364,2018-04-10
3365,2018-04-11
3366,2018-04-12
3367,2018-04-13
3368,2018-04-14
3369,2018-04-15
3370,2018-04-16
3371,2018-04-17
3372,2018-04-18
3373,2018-04-19
3374,2018-04-20
3375,2018-04-21
3376,2018-04-22
3377,2018-04-23
3378,2018-04-24
3379,2018-04-25
3380,2018-04-26
3381,2018-04-27
3382,2018-04-28
3383,2018-04-30
3384,2018-05-01
3385,2018-05-02
3386,2018-05-03
3387,2018-05-04
3388,2018-05-05
3389,2018-05-06
3390,2018-05-07
3391,2018-05-08
3392,2018-05-09
3393,2018-05-10
3394,2018-05-11
3395,2018-05-12
3396,2018-05-13
3397,2018-05-14
3398,2018-05-15
3399,2018-05-16
3400,2018-05-17
3401,2018-05-18
3402,2018-05-19
3403,2018-05-20
3404,2018-05-21
3405,2018-05-22
3406,2018-05-23
3407,2018-05-24
3408,2018-05-25
3409,2018-05-26
3410,2018-05-27
3411,2018-05-28
3412,2018-05-29
3413,2018-05-30
3414,2018-05-31
3415,2018-06-01
3416,2018-06-02
3417,2018-06-03
3418,2018-06-04
3419,2018-06-05
3420,2018-06-06
3421,2018-06-07
3422,2018-06-08
3423,2018-06-09
3424,2018-06-10
3425,2018-06-11
3426,2018-06-12
3427,2018-06-13
3428,2018-06-14
3429,2018-06-15
3430,2018-06-16
3431,2018-06-17
3432,2018-06-18
3433,2018-06-19
3434,2018-06-20
3435,2018-06-21
3436,2018-06-22
3437,2018-06-23
3438,2018-06-24
3439,2018-06-25
3440,2018-06-26
3441,2018-06-27
3442,2018-06-28
3443,2018-06-29
3444,2018-06-30
3445,2018-07-01
3446,2018-07-02
3447,2018-07-03
3448,2018-07-04
3449,2018-07-05
3450,2018-07-06
3451,2018-07-07
3452,2018-07-08
3453,2018-07-09
3454,2018-07-10
3455,2018-07-11
3456,2018-07-12
3457,2018-07-13
3458,2018-07-14
3459,2018-07-15
3460,2018-07-16
3461,2018-07-17
3462,2018-07-18
3463,2018-07-19
3464,2018-07-20
3465,2018-07-21
3466,2018-07-22
3467,2018-07-23
3468,2018-07-24
3469,2018-07-25
3470,2018-07-26
3471,2018-07-27
3472,2018-07-28
3473,2018-07-29
3474,2018-07-30
3475,2018-07-31
3476,2018-08-01
3477,2018-08-02
3478,2018-08-03
3479,2018-08-04
3480,2018-08-05
3481,2018-08-06
3482,2018-08-07
3483,2018-08-08
3484,2018-08-11
3485,2018-08-14
3486,2018-08-17
3487,2018-08-20
3488,2018-08-23
3489,2018-08-26
3490,2018-08-29
3491,2018-09-01
3492,2018-09-04
3493,2018-09-07
3494,2018-09-10
3495,2018-09-13
3496,2018-09-16
3497,2018-09-19
3498,2018-09-22
3499,2018-09-25
3500,2018-09-28
3501,2018-10-01
3502,2018-10-04
3503,2018-10-07
3504,2018-10-10
3505,2018-10-13
3506,2018-10-16
3507,2018-10-19
3508,2018-10-22
3509,2018-10-25
3510,2018-10-28
3511,2018-10-31
3512,2018-11-03
3513,2018-11-06
3514,2018-11-09
3515,2018-11-12
3516,2018-11-15
3517,2018-11-18
3518,2018-11-21
3519,2018-11-24
3520,2018-11-27
3521,2018-11-30
3522,2018-12-03
3523,2018-12-06
3524,2018-12-09
3525,2018-12-12
3526,2018-12-15
3527,2018-12-18
3528,2018-12-21
3529,2018-12-24
3530,2018-12-27
3531,2018-12-30
3532,2019-01-02
3533,2019-01-05
3534,2019-01-08
3535,2019-01-11
3536,2019-01-14
3537,2019-01-17
3538,2019-01-20
3539,2019-01-23
3540,2019-01-26
3541,2019-01-29
3542,2019-02-01
3543,2019-02-04
3544,2019-02-07
3545,2019-02-10
3546,2019-02-13
3547,2019-02-16
3548,2019-02-19
3549,2019-02-22
3550,2019-02-25
3551,2019-02-28
3552,2019-03-03
3553,2019-03-06
3554,2019-03-09
3555,2019-03-12
3556,2019-03-15
3557,2019-03-18
3558,2019-03-21
3559,2019-03-24
3560,2019-03-27
3561,2019-03-30
3562,2019-04-02
3563,2019-04-05
3564,2019-04-08
3565,2019-04-11
3566,2019-04-14
3567,2019-04-17
3568,2019-04-20
3569,2019-04-23
3570,2019-04-26
3571,2019-04-29
3572,2019-05-02
3573,2019-05-05
3574,2019-05-08
3575,2019-05-11
3576,2019-05-14
3577,2019-05-17
3578,2019-05-20
3579,2019-05-23
3580,2019-05-26
3581,2019-05-29
3582,2019-06-01
3583,2019-06-04
3584,2019-06-07
3585,2019-06-10
3586,2019-06-13
3587,2019-06-16
3588,2019-06-19
3589,2019-06-22
3590,2019-06-25
3591,2019-06-28
3592,2019-07-01
3593,2019-07-04
3594,2019-07-07
3595,2019-07-10
3596,2019-07-13
3597,2019-07-16
3598,2019-07-19
3599,2019-07-22
3600,2019-07-25
3601,2019-07-28
3602,2019-07-31
3603,2019-08-03
3604,2019-08-06
3605,2019-08-09
3606,2019-08-12
3607,2019-08-15
3608,2019-08-18
3609,2019-08-21
3610,2019-08-24
3611,2019-08-27
3612,2019-08-30
3613,2019-09-02
3614,2019-09-05
3615,2019-09-08
3616,2019-09-11
3617,2019-09-14
3618,2019-09-17
3619,2019-09-20
3620,2019-09-23
3621,2019-09-26
3622,2019-09-29
3623,2019-10-02
3624,2019-10-05
3625,2019-10-08
3626,2019-10-11
3627,2019-10-14
3628,2019-10-17
3629,2019-10-20
3630,2019-10-23
3631,2019-10-26
3632,2019-10-29
3633,2019-11-01
3634,2019-11-04
3635,2019-11-07
3636,2019-11-10
3637,2019-11-13
3638,2019-11-16
3639,2019-11-19
3640,2019-11-22
3641,2019-11-25
3642,2019-11-28
3643,2019-12-01
3644,2019-12-04
3645,2019-12-07
3646,2019-12-10
3647,2019-12-13
3648,2019-12-16
3649,2020-01-24
3650,2020-01-27
3651,2020-01-30
3652,2020-02-02
3653,2020-02-05
3654,2020-02-08
3655,2020-02-11
3656,2020-02-14
3657,2020-02-17
3658,2020-02-20
3659,2020-02-23
3660,2020-02-26
3661,2020-02-29
3662,2020-03-03
3663,2020-03-06
3664,2020-03-09
3665,2020-03-12
3666,2020-03-13
3667,2020-03-14
3668,2020-03-15
3669,2020-03-16
3670,2020-03-17
3671,2020-03-18
3672,2020-03-19
3673,2020-03-20
3674,2020-03-21
3675,2020-03-22
3676,2020-03-23
3677,2020-03-24
3678,2020-03-25
3679,2020-03-26
3680,2020-03-27
3681,2020-03-28
3682,2020-03-29
3683,2020-03-30
3684,2020-03-31
3685,2020-04-01
3686,2020-04-02
3687,2020-04-03
3688,2020-04-04
3689,2020-04-05
3690,2020-04-06
3691,2020-04-07
3692,2020-04-08
3693,2020-04-09
3694,2020-04-10
3695,2020-04-11
3696,2020-04-12
3697,2020-04-13
3698,2020-04-14
3699,2020-04-15
3700,2020-04-16
3701,2020-04-17
3702,2020-04-18
3703,2020-04-19
3704,2020-04-20
3705,2020-04-21
3706,2020-04-22
3707,2020-04-23
3708,2020-04-24
3709,2020-04-25
3710,2020-04-26
3711,2020-04-27
3712,2020-04-28
3713,2020-04-29
3714,2020-04-30
3715,2020-05-01
3716,2020-05-02
3717,2020-05-03
3718,2020-05-04
3719,2020-05-05
3720,2020-05-06
3721,2020-05-07
3722,2020-05-08
3723,2020-05-09
3724,2020-05-10
3725,2020-05-11
3726,2020-05-12
3727,2020-05-13
3728,2020-05-14
3729,2020-05-15
3730,2020-05-16
3731,2020-05-17
3732,2020-05-18
3733,2020-05-19
3734,2020-05-20
3735,2020-05-21
3736,2020-05-22
3737,2020-05-23
3738,2020-05-24
3739,2020-05-25
3740,2020-05-26
3741,2020-05-27
3742,2020-05-28
3743,2020-05-29
3744,2020-05-30
3745,2020-05-31
3746,2020-06-01
3747,2020-06-02
3748,2020-06-03
3749,2020-06-04
3750,2020-06-05
3751,2020-06-06
3752,2020-06-07
3753,2020-06-08
3754,2020-06-09
3755,2020-06-10
3756,2020-06-11
3757,2020-06-12
3758,2020-06-13
3759,2020-06-14
3760,2020-06-15
3761,2020-06-16
3762,2020-06-17
3763,2020-06-18
3764,2020-06-19
3765,2020-06-20
3766,2020-06-21
3767,2020-06-22
3768,2020-06-23
3769,2020-06-24
3770,2020-06-25
3771,2020-06-26
3772,2020-06-27
3773,2020-06-28
3774,2020-06-29
3775,2020-06-30
3776,2020-07-01
3777,2020-07-02
3778,2020-07-03
3779,2020-07-04
3780,2020-07-05
3781,2020-07-06
3782,2020-07-07
3783,2020-07-08
3784,2020-07-09
3785,2020-07-10
3786,2020-07-11
3787,2020-07-12
3788,2020-07-13
3789,2020-07-14
3790,2020-07-15
3791,2020-07-16
3792,2020-07-17
3793,2020-07-18
3794,2020-07-19
3795,2020-07-20
3796,2020-07-21
3797,2020-07-22
3798,2020-07-23
3799,2020-07-24
3800,2020-07-25
3801,2020-07-26
3802,2020-07-27
3803,2020-07-28
3804,2020-07-29
3805,2020-07-30
3806,2020-07-31
3807,2020-08-01
3808,2020-08-02
3809,2020-08-03
3810,2020-08-04
3811,2020-08-05
3812,2020-08-06
3813,2020-08-07
3814,2020-08-08
3815,2020-08-09
3816,2020-08-10
3817,2020-08-11
3818,2020-08-12
3819,2020-08-13
3820,2020-08-14
3821,2020-08-15
3822,2020-08-16
3823,2020-08-17
3824,2020-08-18
3825,2020-08-19
3826,2020-08-20
3827,2020-08-21
3828,2020-08-22
3829,2020-08-23
3830,2020-08-24
3831,2020-08-25
3832,2020-08-26
3833,2020-08-27
3834,2020-08-28
3835,2020-08-29
3836,2020-08-30
3837,2020-08-31
3838,2020-09-01
3839,2020-09-02
3840,2020-09-03
3841,2020-09-04
3842,2020-09-05
3843,2020-09-06
3844,2020-09-07
3845,2020-09-08
3846,2020-09-09
3847,2020-09-10
3848,2020-09-11
3849,2020-09-12
3850,2020-09-13
3851,2020-09-14
3852,2020-09-15
3853,2020-09-16
3854,2020-09-17
3855,2020-09-18
3856,2020-09-19
3857,2020-09-20
3858,2020-09-21
3859,2020-09-22
3860,2020-09-23
3861,2020-09-24
3862,2020-09-25
3863,2020-09-26
3864,2020-09-27
3865,2020-09-28
3866,2020-09-29
3867,2020-09-30
3868,2020-10-01
3869,2020-10-02
3870,2020-10-03
3871,2020-10-04
3872,2020-10-05
3873,2020-10-06
3874,2020-10-07
3875,2020-10-08
3876,2020-10-09
3877,2020-10-10
3878,2020-10-11
3879,2020-10-12
3880,2020-10-13
3881,2020-10-14
3882,2020-10-15
3883,2020-10-16
3884,2020-10-17
3885,2020-10-18
3886,2020-10-19
3887,2020-10-20
3888,2020-10-21
3889,2020-10-22
3890,2020-10-23
3891,2020-10-24
3892,2020-10-25
3893,2020-10-26
3894,2020-10-27
3895,2020-10-28
3896,2020-10-29
3897,2020-10-30
3898,2020-10-31
3899,2020-11-01
3900,2020-11-02
3901,2020-11-03
3902,2020-11-04
3903,2020-11-05
3904,2020-11-06
3905,2020-11-07
3906,2020-11-08
3907,2020-11-09
3908,2020-11-10
3909,2020-11-11
3910,2020-11-12
3911,2020-11-13
3912,2020-11-14
3913,2020-11-15
3914,2020-11-16
3915,2020-11-17
3916,2020-11-18
3917,2020-11-19
3918,2020-11-20
3919,2020-11-21
3920,2020-11-22
3921,2020-11-23
3922,2020-11-24
3923,2020-11-25
3924,2020-11-26
3925,2020-11-27
3926,2020-11-28
3927,2020-11-29
3928,2020-11-30
3929,2020-12-01
3930,2020-12-02
3931,2020-12-03
3932,2020-12-04
3933,2020-12-05
3934,2020-12-06
3935,2020-12-07
3936,2020-12-08
3937,2020-12-09
3938,2020-12-10
3939,2020-12-11
3940,2020-12-12
3941,2020-12-13
3942,2020-12-14
3943,2020-12-15
3944,2020-12-16
3945,2020-12-17
3946,2020-12-18
3947,2020-12-19
3948,2020-12-20
3949,2020-12-21
3950,2020-12-22
3951,2020-12-23
3952,2020-12-24
3953,2020-12-25
3954,2020-12-26
3955,2020-12-27
3956,2020-12-28
3957,2020-12-29
3958,2020-12-30
3959,2020-12-31
3960,2021-01-01
3961,2021-01-02
3962,2021-01-03
3963,2021-01-04
3964,2021-01-05
3965,2021-01-06
3966,2021-01-07
3967,2021-01-08
3968,2021-01-09
3969,2021-01-10
3970,2021-01-11
3971,2021-01-12
3972,2021-01-13
3973,2021-01-14
3974,2021-01-15
3975,2021-01-16
3976,2021-01-17
3977,2021-01-18
3978,2021-01-19
3979,2021-01-20
3980,2021-01-21
3981,2021-01-22
3982,2021-01-23
3983,2021-01-24
3984,2021-01-25
3985,2021-01-26
3986,2021-01-27
3987,2021-01-28
3988,2021-01-29
3989,2021-01-30
3990,2021-01-31
3991,2021-02-01
3992,2021-02-02
3993,2021-02-03
3994,2021-02-04
3995,2021-02-05
3996,2021-02-06
3997,2021-02-07
3998,2021-02-08
3999,2021-02-09
4000,2021-02-10
4001,2021-02-11
4002,2021-02-12
4003,2021-02-13
4004,2021-02-14
4005,2021-02-15
4006,2021-02-16
4007,2021-02-17
4008,2021-02-18
4009,2021-02-19
4010,2021-02-20
4011,2021-02-21
4012,2021-02-22
4013,2021-02-23
4014,2021-02-24
4015,2021-02-25
4016,2021-02-26
4017,2021-02-27
4018,2021-02-28
4019,2021-03-01
4020,2021-03-02
4021,2021-03-03
4022,2021-03-04
4023,2021-03-05
4024,2021-03-06
4025,2021-03-07
4026,2021-03-08
4027,2021-03-09
4028,2021-03-10
4029,2021-03-11
4030,2021-03-12
4031,2021-03-13
4032,2021-03-14
4033,2021-03-15
4034,2021-03-16
4035,2021-03-17
4036,2021-03-18
4037,2021-03-19
4038,2021-03-20
4039,2021-03-21
4040,2021-03-22
4041,2021-03-23
4042,2021-03-24
4043,2021-03-25
4044,2021-03-26
4045,2021-03-27
4046,2021-03-28
4047,2021-03-29
4048,2021-03-30
4049,2021-03-31
4050,2021-04-01
4051,2021-04-02
4052,2021-04-03
4053,2021-04-04
4054,2021-04-05
4055,2021-04-06
4056,2021-04-07
4057,2021-04-08
4058,2021-04-09
4059,2021-04-10
4060,2021-04-11
4061,2021-04-12
4062,2021-04-13
4063,2021-04-14
4064,2021-04-15
4065,2021-04-16
4066,2021-04-17
4067,2021-04-18
4068,2021-04-19
4069,2021-04-20
4070,2021-04-21
4071,2021-04-22
4072,2021-04-23
4073,2021-04-24
4074,2021-04-25
4075,2021-04-26
4076,2021-04-27
4077,2021-04-28
4078,2021-04-29
4079,2021-04-30
4080,2021-05-01
4081,2021-05-02
4082,2021-05-03
4083,2021-05-04
4084,2021-05-05
4085,2021-05-06
4086,2021-05-07
4087,2021-05-08
4088,2021-05-09
4089,2021-05-10
4090,2021-05-11
4091,2021-05-12
4092,2021-05-13
4093,2021-05-14
4094,2021-05-15
4095,2021-05-16
4096,2021-05-17
4097,2021-05-18
4098,2021-05-19
4099,2021-05-20
4100,2021-05-21
4101,2021-05-22
4102,2021-05-23
4103,2021-05-24
4104,2021-05-25
4105,2021-05-26
4106,2021-05-27
4107,2021-05-28
4108,2021-05-29
4109,2021-05-30
4110,2021-05-31
4111,2021-06-01
4112,2021-06-02
4113,2021-06-03
4114,2021-06-04
4115,2021-06-05
4116,2021-06-06
4117,2021-06-07
4118,2021-06-08
4119,2021-06-09
4120,2021-06-10
4121,2021-06-11
4122,2021-06-12
4123,2021-06-13
4124,2021-06-14
4125,2021-06-15
